"TotalSF","OverallQual2","YearBuilt","GarageCars","LotArea","KitchenQual","GarageType","FireplaceQu","Target"
2566,"Average",2003,2,8450,"Good","Attached","No Fireplace",208500
2524,"Average",1976,2,9600,"Average","Attached","Average",181500
2706,"Average",2001,2,11250,"Good","Attached","Average",223500
2473,"Average",1915,3,9550,"Good","Detached","Good",140000
3343,"Above Average",2000,3,14260,"Good","Attached","Average",250000
2158,"Average",1993,2,14115,"Average","Attached","No Fireplace",143000
3380,"Above Average",2004,2,10084,"Good","Attached","Good",307000
3197,"Average",1973,2,10382,"Average","Attached","Average",200000
2726,"Average",1931,2,6120,"Average","Detached","Average",129900
2068,"Average",1939,1,7420,"Average","Attached","Average",118000
2080,"Average",1965,1,11200,"Average","Detached","No Fireplace",129500
3499,"Above Average",2005,3,11924,"Excellent","Built In","Good",345000
1824,"Average",1962,1,12968,"Average","Detached","No Fireplace",144000
2988,"Average",2006,3,10652,"Good","Attached","Good",279500
2506,"Average",1960,1,10920,"Average","Attached","Fair",157000
1686,"Average",1929,2,6120,"Average","Detached","No Fireplace",132000
2008,"Average",1970,2,11241,"Average","Attached","Average",149000
1296,"Average",1967,2,10791,"Average","Car Port","No Fireplace",90000
2228,"Average",2004,2,13695,"Good","Detached","No Fireplace",159000
2368,"Average",1958,1,7560,"Average","Attached","No Fireplace",139000
3534,"Above Average",2005,3,14215,"Good","Built In","Good",325300
1745,"Average",1930,1,7449,"Good","Attached","Good",139400
3572,"Above Average",2002,2,9742,"Good","Attached","Good",230000
2100,"Average",1976,2,4224,"Average","Attached","Average",129900
2120,"Average",1968,1,8246,"Good","Attached","Average",154000
3166,"Above Average",2007,3,14230,"Good","Attached","Good",256300
1800,"Average",1951,2,7200,"Good","Detached","No Fireplace",134800
3408,"Above Average",2007,3,11478,"Good","Attached","Good",306000
3084,"Average",1957,1,16321,"Average","Attached","Good",207500
1040,"Average",1927,1,6324,"Fair","Detached","No Fireplace",68500
1966,"Below Average",1920,1,8500,"Average","Detached","No Fireplace",40000
2456,"Average",1966,1,8544,"Good","Attached","No Fireplace",149350
2468,"Above Average",2007,2,11049,"Good","Attached","No Fireplace",179900
3098,"Average",1959,2,10552,"Good","Attached","Good",165500
3122,"Above Average",2005,2,7313,"Excellent","Attached","Good",277500
3569,"Above Average",2004,3,13418,"Good","Built In","Good",309000
2194,"Average",1994,2,10859,"Average","Attached","No Fireplace",145000
2594,"Average",1954,2,8532,"Average","Attached","Average",153000
2114,"Average",1953,1,7922,"Good","Detached","No Fireplace",109000
1152,"Average",1955,0,6040,"Fair","No Garage","No Fireplace",82000
2412,"Average",1965,2,8658,"Average","Attached","Average",160000
2678,"Average",1959,1,16905,"Average","Attached","Good",170000
1724,"Average",1983,2,9180,"Good","Attached","No Fireplace",144000
1876,"Average",1975,1,9200,"Average","Detached","No Fireplace",130250
2300,"Average",1959,1,7945,"Average","Attached","No Fireplace",141000
3504,"Above Average",2005,2,7658,"Excellent","Attached","Good",319900
3583,"Average",2003,2,12822,"Good","Attached","Excellent",239686
3312,"Above Average",2006,3,11096,"Good","Attached","No Fireplace",249700
2188,"Average",1920,0,4456,"Average","No Garage","No Fireplace",113000
1910,"Average",1966,1,7742,"Average","Attached","No Fireplace",127000
2264,"Average",1997,2,13869,"Average","Attached","No Fireplace",177000
1992,"Average",1934,2,6240,"Average","Detached","Good",114500
1632,"Average",1963,2,8472,"Average","Car Port","No Fireplace",110000
3684,"Above Average",1981,3,50271,"Good","Attached","Good",385000
1744,"Average",1955,2,7134,"Average","Detached","Average",130000
2850,"Average",1964,2,10175,"Average","Attached","Good",180500
2709,"Above Average",1999,2,2645,"Good","Attached","No Fireplace",172500
2580,"Average",2004,2,11645,"Good","Attached","No Fireplace",196500
4355,"Above Average",2006,3,13682,"Good","Built In","Good",438780
1560,"Average",1972,1,7200,"Average","Detached","No Fireplace",124900
2316,"Average",2004,2,13072,"Good","Detached","No Fireplace",158000
1641,"Average",1920,1,7200,"Fair","Detached","No Fireplace",101000
2740,"Above Average",2006,2,6442,"Good","Attached","Good",202500
2286,"Average",1921,2,10300,"Average","Detached","No Fireplace",140000
3091,"Average",1997,2,9375,"Good","Attached","No Fireplace",219500
3616,"Above Average",2004,3,9591,"Good","Built In","Good",317000
4154,"Average",1970,2,19900,"Average","Attached","Good",180000
2932,"Average",2003,2,10665,"Good","Attached","No Fireplace",226000
1494,"Average",1945,1,4608,"Average","Attached","No Fireplace",80000
3591,"Below Average",1953,2,15593,"Average","Attached","Average",225000
4446,"Average",1973,2,13651,"Average","Attached","Good",244000
1690,"Average",1982,2,7599,"Average","Detached","No Fireplace",129500
2550,"Average",1998,2,10141,"Average","Attached","Average",185000
2172,"Average",1954,2,10200,"Average","Attached","No Fireplace",144900
2445,"Average",1915,1,5790,"Average","Detached","No Fireplace",107400
1450,"Average",1973,1,1596,"Average","Built In","No Fireplace",91000
1904,"Average",1956,1,8475,"Average","Detached","No Fireplace",135750
1957,"Average",1948,1,8635,"Average","Detached","No Fireplace",127000
3536,"Average",1968,0,10778,"Average","No Garage","No Fireplace",136500
1670,"Average",1910,2,10440,"Average","Detached","No Fireplace",110000
3038,"Average",1968,1,13000,"Good","Attached","Good",193500
2574,"Average",1998,2,4500,"Average","Attached","No Fireplace",153500
3126,"Above Average",2007,3,10206,"Good","Attached","Good",245000
2130,"Average",1960,2,8892,"Average","Detached","No Fireplace",126500
1858,"Average",1995,2,8530,"Average","Built In","Average",168500
3705,"Above Average",1991,2,16059,"Good","Attached","Average",260000
2244,"Average",2005,2,11911,"Good","Built In","Good",174000
1836,"Average",2009,2,3951,"Good","Detached","No Fireplace",164500
2539,"Below Average",1915,0,8470,"Fair","No Garage","No Fireplace",85000
1980,"Average",1994,0,8070,"Average","No Garage","No Fireplace",123600
1040,"Average",1950,2,7200,"Average","Detached","No Fireplace",109900
2470,"Below Average",1961,2,8500,"Average","Attached","No Fireplace",98600
1840,"Average",1921,2,13360,"Average","Detached","No Fireplace",163500
3505,"Average",1910,2,7200,"Average","Detached","Good",133900
2610,"Average",1997,2,9337,"Good","Attached","No Fireplace",204750
2150,"Average",1993,2,9765,"Average","Built In","Average",185000
3176,"Average",1999,2,10264,"Good","Attached","No Fireplace",214000
1920,"Average",1965,1,10921,"Average","Attached","No Fireplace",94750
1293,"Average",1920,1,10625,"Average","Basement Garage","No Fireplace",83000
2175,"Average",1959,0,9320,"Average","No Garage","No Fireplace",128950
3220,"Average",1977,2,10603,"Good","Attached","Average",205000
2473,"Average",1985,2,9206,"Good","Attached","Average",178000
1535,"Average",1979,2,7018,"Average","Attached","No Fireplace",118964
2452,"Average",2009,3,10402,"Good","Attached","No Fireplace",198900
2858,"Below Average",1931,1,7758,"Average","Detached","Average",169500
3045,"Above Average",2003,2,9375,"Good","Attached","Good",250000
1688,"Average",1885,1,10800,"Average","Detached","No Fireplace",100000
1578,"Average",1948,1,6000,"Average","Detached","No Fireplace",115000
2310,"Average",1919,0,8500,"Fair","No Garage","No Fireplace",115000
3688,"Average",1977,2,11751,"Average","Attached","Average",190000
2849,"Below Average",1954,1,9525,"Average","Attached","No Fireplace",136900
1814,"Average",2000,2,7750,"Average","Built In","Average",180000
3960,"Average",2007,3,9965,"Excellent","Built In","Good",383970
4068,"Average",1953,2,21000,"Good","Basement Garage","Good",217000
3348,"Average",1945,1,7259,"Good","Detached","Average",259500
2187,"Average",1999,2,3230,"Average","Detached","Fair",176000
2184,"Average",1962,1,11616,"Average","Attached","Poor",139000
2250,"Average",2006,2,8536,"Average","Attached","No Fireplace",155000
4895,"Average",1990,3,12376,"Good","Attached","Average",320000
2184,"Average",2005,2,8461,"Good","Attached","Good",163990
1926,"Average",1969,2,21453,"Average","Attached","Average",180000
1855,"Average",1939,1,6060,"Average","Detached","No Fireplace",100000
2160,"Average",1958,1,9464,"Average","Attached","No Fireplace",136000
2398,"Average",1993,2,7892,"Good","Attached","No Fireplace",153900
2948,"Average",1979,2,17043,"Average","Attached","Average",181000
1274,"Average",1935,0,6780,"Average","No Garage","No Fireplace",84500
2036,"Average",1976,2,4928,"Average","Attached","Average",128000
1512,"Average",1930,0,4388,"Average","No Garage","Average",87000
2008,"Average",1966,2,7590,"Average","Attached","Fair",155000
2061,"Average",1958,2,8973,"Excellent","2+ Garages","No Fireplace",150000
3081,"Average",1966,2,14200,"Good","Attached","Good",226000
3046,"Average",2000,2,12224,"Good","Built In","Average",244000
2390,"Average",1959,2,7388,"Good","Detached","No Fireplace",150750
2563,"Above Average",2001,2,6853,"Good","Attached","No Fireplace",220000
3182,"Average",1968,2,10335,"Average","Attached","Average",180000
2986,"Average",1970,2,10400,"Average","Attached","Good",174000
2428,"Average",1967,1,10355,"Average","Attached","Fair",143000
3866,"Average",1988,3,11070,"Average","2+ Garages","No Fireplace",171000
2856,"Above Average",1999,3,9066,"Good","Attached","Average",230000
2692,"Average",1997,2,15426,"Good","Attached","No Fireplace",231500
1728,"Average",1971,0,10500,"Average","No Garage","Poor",115000
3468,"Average",2005,2,11645,"Good","Attached","No Fireplace",260000
2295,"Below Average",1952,2,8520,"Average","Detached","No Fireplace",166000
2991,"Average",1999,2,10335,"Good","Attached","No Fireplace",204000
3456,"Average",1963,2,9100,"Average","Detached","No Fireplace",125000
2679,"Average",2004,2,2522,"Good","Detached","No Fireplace",130000
1590,"Average",1931,1,6120,"Average","Detached","No Fireplace",105000
2919,"Average",2001,2,9505,"Good","Built In","Good",222500
2160,"Average",2004,0,7500,"Good","No Garage","No Fireplace",141000
2240,"Below Average",1936,1,6240,"Average","Detached","No Fireplace",115000
1938,"Average",1975,2,10356,"Average","Attached","No Fireplace",122000
3420,"Above Average",2007,3,13891,"Good","Attached","Good",372402
2818,"Average",1971,2,14803,"Average","Attached","Good",190000
2854,"Average",1960,2,13500,"Average","Attached","Good",235000
2400,"Average",1923,1,11340,"Average","Detached","No Fireplace",125000
1668,"Average",1924,0,9600,"Average","No Garage","No Fireplace",79000
1040,"Average",1950,2,7200,"Average","Detached","No Fireplace",109500
2742,"Above Average",2009,3,12003,"Excellent","Built In","Good",269500
2938,"Average",2004,2,12552,"Good","Attached","Good",254900
3854,"Average",2005,2,19378,"Good","Attached","Good",320000
2464,"Average",1984,2,11120,"Average","Attached","No Fireplace",162500
4240,"Above Average",2003,3,13688,"Excellent","Built In","Good",412500
3082,"Average",2005,2,12182,"Good","Attached","Good",220000
1764,"Average",1956,0,5500,"Average","No Garage","No Fireplace",103200
2765,"Average",1926,1,5400,"Good","Detached","No Fireplace",152000
1999,"Average",1940,0,10106,"Average","No Garage","No Fireplace",127500
3484,"Average",1955,1,10708,"Average","Attached","Good",190000
3743,"Above Average",2007,3,10562,"Excellent","Attached","Good",325624
2560,"Average",2004,2,8244,"Good","Attached","Good",183500
3393,"Above Average",1981,2,16669,"Average","Attached","Average",228000
2102,"Average",1941,2,12358,"Average","Detached","No Fireplace",128500
2736,"Average",1960,2,31770,"Average","Attached","Good",215000
2831,"Average",1987,2,5306,"Good","Attached","Average",239000
2724,"Average",1961,2,10197,"Average","Attached","Average",163000
3257,"Average",1986,2,12416,"Average","Attached","Average",184000
3360,"Average",1950,2,12615,"Good","Attached","Good",243000
3211,"Average",1988,2,10029,"Average","Attached","Average",211000
2972,"Average",1958,2,13650,"Good","Attached","Good",172500
4450,"Above Average",2008,3,17423,"Excellent","Attached","Good",501837
1936,"Average",1923,2,8520,"Average","Detached","No Fireplace",100000
2281,"Average",2000,2,2117,"Good","Detached","Average",177000
2595,"Average",1920,1,7588,"Average","Detached","Good",200100
1340,"Average",1957,1,9060,"Average","Attached","Good",120000
3444,"Average",2003,2,11426,"Good","Detached","No Fireplace",200000
1756,"Average",1908,2,7438,"Average","Attached","No Fireplace",127000
4715,"Above Average",1892,3,22950,"Excellent","Detached","Average",475000
2405,"Average",1990,2,9947,"Good","Attached","No Fireplace",173000
2316,"Average",1916,1,10410,"Average","Detached","No Fireplace",135000
2310,"Average",1979,2,7018,"Average","Detached","Average",153337
3186,"Above Average",2001,2,4923,"Excellent","Attached","Good",286000
3580,"Above Average",1932,2,10570,"Good","Detached","Average",315000
2204,"Average",1972,2,7472,"Good","Attached","No Fireplace",184000
2862,"Average",1999,2,9017,"Good","Attached","No Fireplace",192000
2679,"Average",2004,2,2522,"Good","Detached","No Fireplace",130000
1728,"Average",1972,1,7180,"Average","Detached","No Fireplace",127000
2311,"Average",1976,2,2280,"Average","Attached","Average",148500
3452,"Average",2007,3,9416,"Excellent","Attached","Good",311872
4472,"Above Average",1918,2,25419,"Good","Detached","Excellent",235000
2984,"Average",1912,0,5520,"Average","No Garage","No Fireplace",104000
3426,"Above Average",2004,3,9591,"Excellent","Attached","Good",274900
2242,"Average",2003,2,8546,"Average","Attached","No Fireplace",140000
2475,"Average",1977,2,10125,"Average","Detached","Fair",171500
1927,"Average",1924,1,7000,"Average","Attached","No Fireplace",112000
1696,"Average",2004,2,4438,"Good","Attached","Good",149000
2004,"Average",1947,1,3500,"Average","Detached","No Fireplace",110000
2866,"Average",1990,2,11851,"Average","Attached","No Fireplace",180500
2836,"Average",1962,1,13673,"Average","Attached","Average",143900
2200,"Average",1960,1,12493,"Average","Attached","Poor",141000
3219,"Average",1988,2,14364,"Average","Attached","Good",277000
2184,"Average",1964,2,8250,"Average","Attached","No Fireplace",145000
1728,"Average",1925,0,5604,"Average","No Garage","No Fireplace",98000
2424,"Average",2009,2,10420,"Good","Attached","No Fireplace",186000
2752,"Average",2009,2,8640,"Good","Attached","Average",252678
1980,"Average",1995,2,13568,"Average","Attached","No Fireplace",156000
2081,"Average",1977,1,10900,"Average","Attached","No Fireplace",161750
2306,"Average",1957,1,10011,"Good","Attached","Fair",134450
2872,"Average",2004,2,8450,"Good","Attached","No Fireplace",210000
2014,"Below Average",1925,1,9906,"Average","Detached","No Fireplace",107000
2752,"Average",1939,2,15660,"Good","Attached","Average",311500
2496,"Average",2005,2,3010,"Good","Attached","No Fireplace",167240
2996,"Average",2006,2,8990,"Good","Attached","No Fireplace",204900
3277,"Average",2002,2,8068,"Good","Built In","Average",200000
2265,"Average",1975,2,11475,"Average","Attached","Average",179900
1728,"Average",1971,2,10500,"Average","Detached","No Fireplace",97000
4784,"Above Average",2003,3,13472,"Excellent","Attached","Excellent",386250
1932,"Average",1971,1,1680,"Average","Detached","No Fireplace",112000
3723,"Average",1995,3,9950,"Good","Attached","Average",290000
1470,"Average",1970,1,1869,"Average","Detached","No Fireplace",106000
1824,"Average",1967,1,8521,"Average","Detached","Fair",125000
2928,"Average",2005,2,3182,"Good","Attached","Average",192500
2388,"Average",1959,1,8760,"Average","Attached","No Fireplace",148000
4256,"Above Average",1995,3,15138,"Excellent","Attached","Average",403000
1470,"Average",1972,1,1680,"Average","Attached","Poor",94500
1788,"Average",1976,1,10650,"Average","Attached","No Fireplace",128200
2820,"Average",2002,2,7851,"Good","Built In","Average",216500
1470,"Below Average",1971,1,1680,"Average","Detached","No Fireplace",89500
2828,"Average",2004,2,8773,"Good","Attached","No Fireplace",185500
2740,"Average",1993,2,9453,"Good","Attached","No Fireplace",194500
3388,"Above Average",2007,3,12030,"Good","Attached","No Fireplace",318000
2222,"Below Average",1945,1,8741,"Average","Detached","Good",113000
3132,"Above Average",2008,2,9000,"Good","Attached","No Fireplace",262500
1552,"Average",1945,0,3880,"Good","No Garage","No Fireplace",110500
1980,"Below Average",1900,1,5000,"Average","Attached","No Fireplace",79000
1843,"Average",1980,1,10762,"Average","Attached","Average",120000
3058,"Average",1994,2,8880,"Good","Attached","Fair",205000
3717,"Average",1988,2,10400,"Average","Attached","Average",241500
2948,"Average",1910,1,9142,"Fair","Detached","No Fireplace",137000
2742,"Average",1954,2,11310,"Average","Attached","Average",140000
2508,"Average",2003,2,11317,"Good","Attached","No Fireplace",180000
3588,"Average",1958,2,159000,"Good","Attached","Average",277000
2034,"Below Average",1940,0,5350,"Fair","No Garage","No Fireplace",76500
3198,"Above Average",2006,2,4750,"Good","Attached","Good",235000
2438,"Average",2004,2,8366,"Good","Attached","No Fireplace",173000
2604,"Average",1964,1,9350,"Good","Attached","No Fireplace",158000
2628,"Average",1957,1,8400,"Average","Attached","No Fireplace",145000
3266,"Average",1999,2,8738,"Good","Built In","Average",230000
2592,"Average",2003,2,8791,"Good","Attached","No Fireplace",207500
3208,"Average",2006,2,8814,"Good","Attached","Good",220000
2755,"Average",2001,2,12435,"Good","Attached","Average",231500
882,"Average",1956,1,12702,"Average","Detached","No Fireplace",97000
2744,"Average",1962,2,19296,"Average","Attached","Average",176000
4056,"Above Average",2007,3,9588,"Excellent","Built In","Good",276000
1718,"Average",1977,2,8471,"Average","Attached","Average",151000
2242,"Average",1929,2,5500,"Average","Detached","No Fireplace",130000
1444,"Average",1925,2,5232,"Average","Detached","No Fireplace",73000
2844,"Average",1981,2,12090,"Good","Attached","Average",175500
2313,"Average",1997,2,11207,"Average","Attached","Average",185000
2912,"Average",1939,1,8400,"Good","Detached","Good",179500
1518,"Average",1940,1,6900,"Average","Detached","Good",120500
2256,"Average",1976,1,7917,"Average","Attached","Fair",148000
3034,"Above Average",2006,3,10728,"Good","Attached","Good",266000
2748,"Average",1954,2,39104,"Average","Attached","Average",241500
3422,"Above Average",1999,3,11764,"Good","Attached","Good",290000
2872,"Average",1958,1,9600,"Average","Attached","Good",139000
1632,"Average",1982,1,8314,"Average","Attached","No Fireplace",124500
2500,"Average",1925,2,7264,"Excellent","Detached","No Fireplace",205000
3120,"Average",2003,2,9196,"Good","Attached","No Fireplace",201000
1728,"Average",1951,2,19138,"Average","Detached","No Fireplace",141000
4242,"Above Average",2006,3,14450,"Excellent","Attached","Excellent",415298
3182,"Average",1977,2,10005,"Average","Attached","Average",192000
2789,"Average",1989,2,11287,"Good","Attached","Average",228500
2524,"Average",2006,2,7200,"Good","Attached","No Fireplace",185000
2628,"Average",2007,2,5063,"Good","Attached","Good",207500
2936,"Above Average",2008,3,9612,"Good","Attached","Good",244600
3150,"Average",1992,2,8012,"Good","Attached","No Fireplace",179200
1875,"Average",2006,2,4251,"Good","Detached","No Fireplace",164700
2646,"Average",1962,2,9786,"Good","Attached","Good",159000
1716,"Below Average",1971,0,8125,"Average","No Garage","No Fireplace",88000
1782,"Average",1967,1,9819,"Average","Detached","No Fireplace",122000
2094,"Average",1915,1,8730,"Average","Detached","No Fireplace",153575
2998,"Above Average",2006,2,15611,"Good","Attached","Good",233230
2496,"Average",1912,0,5687,"Fair","No Garage","No Fireplace",135900
2484,"Below Average",1949,1,11409,"Average","Attached","Good",131000
3058,"Average",1977,2,16659,"Good","Attached","Average",235000
3060,"Average",1953,2,9600,"Average","Attached","Good",167000
2006,"Average",1984,2,7937,"Average","Detached","No Fireplace",142500
2468,"Average",1950,1,13710,"Average","Attached","No Fireplace",152000
2925,"Average",1997,2,7399,"Good","Detached","Average",239000
2445,"Average",1968,2,11700,"Average","Attached","Good",175000
2244,"Average",1950,1,14000,"Good","Attached","Good",158500
2501,"Average",1953,1,15750,"Average","Attached","Good",157000
3480,"Above Average",1998,2,16226,"Good","Built In","Average",267000
3082,"Average",2001,3,13704,"Good","Attached","Average",205000
1788,"Average",1972,2,9800,"Average","Attached","No Fireplace",149900
4963,"Average",1880,3,18386,"Good","Attached","Excellent",295000
4000,"Above Average",2004,3,10386,"Good","Attached","No Fireplace",305900
2943,"Average",1990,3,13474,"Good","Attached","Average",225000
1725,"Average",1920,0,7920,"Fair","No Garage","No Fireplace",89500
1722,"Average",1940,2,12342,"Average","Detached","No Fireplace",82500
3840,"Above Average",2003,3,12378,"Excellent","Attached","Excellent",360000
2198,"Average",1993,2,7685,"Good","Attached","Average",165600
1944,"Average",1948,1,8000,"Average","Detached","Good",132000
1911,"Average",1939,2,7800,"Average","Detached","Good",119900
4172,"Average",1965,2,215245,"Average","Attached","Good",375000
2369,"Average",1925,2,9600,"Excellent","Detached","Good",178000
2148,"Average",2004,2,7795,"Good","Attached","Good",188500
3198,"Average",1980,2,13005,"Excellent","Attached","Average",260000
3047,"Above Average",2006,3,9000,"Good","Attached","Good",270000
3993,"Average",1993,3,9900,"Good","Attached","Average",260000
2844,"Average",1980,2,14115,"Average","Attached","Average",187500
3845,"Above Average",2006,3,16259,"Good","Attached","No Fireplace",342643
3604,"Above Average",2004,3,12099,"Good","Built In","Good",354000
4232,"Average",1986,2,10380,"Good","Attached","Average",301000
2325,"Average",1955,1,5820,"Average","Attached","No Fireplace",126175
3688,"Average",1967,2,11275,"Good","Built In","Good",242000
1523,"Average",1941,2,5000,"Average","Detached","No Fireplace",87000
3438,"Above Average",1993,2,10846,"Good","Attached","Good",324000
2766,"Average",1960,1,11600,"Average","Attached","No Fireplace",145250
2978,"Average",1916,2,11888,"Good","Detached","No Fireplace",214500
1788,"Average",1920,1,6402,"Average","Detached","No Fireplace",78000
3456,"Below Average",1964,1,10624,"Average","Detached","No Fireplace",119000
2112,"Average",1958,1,8176,"Average","Attached","No Fireplace",139000
4835,"Above Average",2003,3,10655,"Good","Attached","Good",284000
2716,"Average",2004,2,8198,"Good","Attached","Good",207000
2581,"Average",1998,2,9042,"Average","Attached","Average",192000
3285,"Average",1965,2,164660,"Average","Attached","Good",228950
3844,"Above Average",2005,3,14157,"Good","Attached","Good",377426
3072,"Average",2002,2,9135,"Good","Attached","No Fireplace",214000
2829,"Average",1984,2,14145,"Good","Attached","No Fireplace",202500
2430,"Average",1958,1,12400,"Average","Attached","No Fireplace",155000
2875,"Above Average",2002,2,14191,"Good","Attached","No Fireplace",202900
1562,"Below Average",1950,1,8400,"Average","Car Port","No Fireplace",82000
1040,"Below Average",1949,2,8544,"Average","Detached","No Fireplace",87500
3368,"Above Average",2005,2,8849,"Excellent","Attached","Excellent",266000
1648,"Below Average",1976,1,2592,"Average","Attached","No Fireplace",85000
2549,"Average",1939,1,6435,"Fair","Detached","Good",140200
1916,"Average",1960,1,12772,"Average","Attached","No Fireplace",151500
2956,"Average",1960,2,17600,"Average","Attached","Good",157500
2390,"Average",2003,2,2448,"Good","Built In","No Fireplace",154000
4576,"Above Average",2005,3,20431,"Excellent","Attached","Excellent",437154
3738,"Above Average",2007,2,7820,"Excellent","Attached","Good",318061
2906,"Average",1986,2,5271,"Good","Attached","Average",190000
1727,"Average",1941,1,9084,"Average","Detached","No Fireplace",95000
1344,"Average",1928,2,8520,"Average","Detached","No Fireplace",105900
2535,"Average",1940,1,8400,"Average","Attached","Good",140000
2400,"Average",1995,2,11249,"Good","Attached","No Fireplace",177500
2325,"Average",1992,2,9248,"Good","Attached","No Fireplace",173000
2284,"Average",1976,2,4224,"Average","Attached","Poor",134000
2414,"Below Average",1958,1,6930,"Good","Built In","No Fireplace",130000
3010,"Above Average",1998,2,12011,"Good","Attached","Average",280000
1800,"Average",1978,2,7540,"Average","Attached","Average",156000
2388,"Average",1940,1,9144,"Average","Detached","No Fireplace",145000
1922,"Average",2003,2,7301,"Good","Built In","Excellent",198500
1470,"Average",1972,1,1680,"Good","Detached","No Fireplace",118000
2370,"Average",1976,2,18800,"Average","Attached","Average",190000
2016,"Average",1920,1,10690,"Average","Detached","No Fireplace",147000
2788,"Average",1963,2,9500,"Average","Attached","Good",159000
2530,"Average",1962,1,9150,"Average","Basement Garage","Good",165000
2536,"Average",1954,1,7800,"Average","Attached","Good",132000
2350,"Average",1959,2,9830,"Good","Detached","Good",162000
2617,"Average",2000,2,8121,"Average","Attached","Average",172400
1588,"Below Average",1959,2,17120,"Average","Detached","Good",134432
1496,"Average",1984,1,7175,"Average","Attached","No Fireplace",125000
1927,"Average",1953,1,10634,"Average","Attached","No Fireplace",123000
2775,"Average",2003,2,8200,"Good","Built In","Good",219500
1587,"Below Average",1922,0,10020,"Fair","No Garage","No Fireplace",61000
1784,"Average",1996,2,8846,"Average","Detached","No Fireplace",148000
4046,"Above Average",2004,2,11143,"Good","Attached","Good",340000
3712,"Above Average",2010,3,11394,"Excellent","Attached","Excellent",394432
2782,"Average",2000,2,8123,"Average","Attached","Average",179000
2717,"Average",1924,1,5000,"Good","Detached","Good",127000
2594,"Average",2006,2,7200,"Good","Attached","Good",187750
2736,"Average",2006,2,9245,"Good","Attached","No Fireplace",213500
1568,"Below Average",1928,2,9000,"Average","Detached","No Fireplace",76000
3533,"Average",1992,2,53107,"Good","Attached","Fair",240000
2525,"Above Average",2004,2,3182,"Good","Attached","Average",192000
1842,"Below Average",1910,0,8410,"Average","No Garage","No Fireplace",81000
2166,"Average",1976,1,7200,"Average","Detached","Fair",125000
2947,"Average",1999,2,9382,"Good","Attached","No Fireplace",191000
4014,"Above Average",2007,3,12474,"Excellent","Built In","Excellent",426000
2228,"Average",1900,1,8405,"Average","Detached","No Fireplace",119000
2765,"Average",2001,2,12209,"Good","Built In","Average",215000
882,"Average",1959,1,8339,"Average","Attached","No Fireplace",106500
1576,"Average",1941,0,7446,"Average","No Garage","Average",100000
1769,"Average",1940,1,10134,"Average","Detached","No Fireplace",109000
2288,"Average",1956,1,9571,"Average","Attached","No Fireplace",129000
1788,"Average",1972,2,7200,"Average","Detached","No Fireplace",123000
2676,"Average",1962,1,7590,"Average","Attached","Average",169500
2038,"Below Average",1920,1,8967,"Average","Detached","No Fireplace",67000
2642,"Average",2006,2,8125,"Good","Attached","No Fireplace",241000
2548,"Above Average",1996,2,14963,"Excellent","Attached","Good",245500
2620,"Average",2005,2,8767,"Good","Attached","Good",164990
1344,"Average",1940,1,10200,"Average","Detached","No Fireplace",108000
3404,"Above Average",1998,2,12090,"Good","Built In","Average",258000
2378,"Average",1995,2,10364,"Average","Built In","Average",168000
2901,"Below Average",1976,2,9991,"Average","Attached","Average",150000
2703,"Average",1936,1,10480,"Average","Detached","No Fireplace",115000
2520,"Average",1915,1,15576,"Average","Attached","No Fireplace",177000
3235,"Average",2006,3,14154,"Good","Attached","Good",280000
3112,"Above Average",2007,3,10800,"Excellent","Attached","Good",339750
2552,"Below Average",1958,1,9571,"Average","Attached","No Fireplace",60000
2112,"Average",1955,2,34650,"Average","Attached","No Fireplace",145000
2948,"Average",2009,2,4403,"Good","Attached","Good",222000
2036,"Average",1927,2,8960,"Average","Detached","Good",115000
3177,"Average",1993,3,11228,"Good","Attached","Average",228000
2680,"Average",2007,2,8899,"Good","Attached","No Fireplace",181134
2072,"Average",1978,2,7844,"Average","Attached","Average",149500
3994,"Average",1918,3,22420,"Average","Detached","Good",239000
1890,"Average",1940,1,8160,"Average","Detached","No Fireplace",126000
2112,"Average",1968,1,8450,"Average","Attached","Fair",142000
2688,"Average",1997,4,7060,"Average","Attached","No Fireplace",206300
3204,"Average",1977,2,16635,"Good","Attached","Average",215000
1976,"Average",1954,2,21750,"Average","Attached","No Fireplace",113000
4100,"Above Average",1998,3,9200,"Good","Attached","Average",315000
2392,"Average",1956,1,9000,"Average","Attached","Good",139000
2040,"Average",1946,1,3378,"Average","Detached","Good",135000
3162,"Average",1989,2,12800,"Good","Attached","Average",275000
1814,"Average",1957,1,8593,"Average","Detached","No Fireplace",109008
2416,"Average",2007,2,6762,"Good","Attached","No Fireplace",195400
2804,"Average",1988,2,11457,"Good","Attached","Average",175000
1470,"Average",1971,1,1680,"Average","Detached","No Fireplace",85400
2099,"Average",1920,0,5586,"Average","No Garage","No Fireplace",79900
2130,"Average",1971,2,1920,"Average","Detached","No Fireplace",122500
2530,"Average",1997,2,10839,"Average","Attached","Average",181000
1260,"Average",1972,0,1890,"Average","No Garage","No Fireplace",81000
2460,"Average",1996,2,10667,"Good","Attached","Average",212000
1766,"Average",1920,2,4400,"Average","Detached","No Fireplace",116000
1788,"Average",1926,1,6000,"Average","Detached","No Fireplace",119000
1134,"Average",1913,1,4280,"Good","Detached","Good",90350
1880,"Average",1920,2,12354,"Good","Detached","No Fireplace",110000
5496,"Above Average",2008,3,15431,"Excellent","Attached","Good",555000
2880,"Below Average",1955,0,12108,"Fair","No Garage","No Fireplace",118000
2651,"Average",1930,2,6240,"Average","Detached","Good",162900
2516,"Average",2006,3,3922,"Good","Attached","Good",172500
2823,"Average",1994,2,8750,"Good","Attached","Average",210000
3125,"Average",1956,2,9855,"Average","Attached","Good",127500
3405,"Average",1966,2,16492,"Good","Attached","Good",190000
2816,"Average",1998,2,11214,"Good","Attached","Average",199900
2156,"Average",1937,1,8600,"Average","Detached","Good",119500
1832,"Average",1948,1,6000,"Average","Detached","No Fireplace",120000
1626,"Average",1930,1,5684,"Good","Detached","No Fireplace",110000
3066,"Average",1975,2,70761,"Good","Attached","Average",280000
2628,"Average",1996,2,9303,"Average","Attached","No Fireplace",204000
2358,"Above Average",2008,2,9000,"Good","Attached","No Fireplace",210000
3456,"Average",1976,2,9297,"Average","Detached","No Fireplace",188000
2484,"Average",1973,2,9600,"Average","Attached","Average",175500
1968,"Average",1916,3,4571,"Average","Detached","No Fireplace",98000
3027,"Average",1954,2,53227,"Good","Attached","Good",256000
2254,"Above Average",1925,1,5100,"Good","Detached","Good",161000
1912,"Below Average",1950,1,7015,"Good","Detached","Average",110000
2767,"Above Average",2009,2,8004,"Average","Built In","No Fireplace",263435
1695,"Average",1936,2,7200,"Good","Detached","No Fireplace",155000
1728,"Average",1965,1,8281,"Average","Detached","Poor",62383
2375,"Average",1934,1,11988,"Average","Detached","Good",188700
2080,"Average",1978,0,8430,"Average","No Garage","No Fireplace",124000
2789,"Average",2004,2,3072,"Good","Attached","Average",178740
2554,"Average",1970,2,10628,"Average","Attached","Poor",167000
2372,"Average",1942,1,9480,"Good","Attached","Good",146500
3260,"Above Average",2006,3,11428,"Good","Attached","Good",250000
2542,"Average",1993,2,9291,"Good","Attached","No Fireplace",187000
2990,"Above Average",1985,2,6820,"Good","Attached","No Fireplace",212000
2777,"Average",1977,2,11952,"Average","Attached","Good",190000
1619,"Average",2005,2,3675,"Average","Basement Garage","No Fireplace",148000
3952,"Above Average",2006,3,14977,"Good","Attached","Excellent",440000
3146,"Above Average",2000,2,5330,"Excellent","Attached","No Fireplace",251000
1940,"Average",1963,2,8480,"Average","Detached","No Fireplace",132500
2971,"Average",1997,2,13125,"Good","Attached","Average",208900
4796,"Above Average",2006,3,13693,"Excellent","Built In","Good",380000
3423,"Above Average",2007,3,10637,"Good","Attached","Good",297000
2038,"Average",1937,2,5925,"Average","Detached","No Fireplace",89471
3683,"Above Average",2004,3,16033,"Good","Attached","Good",326000
3584,"Above Average",2003,3,11846,"Excellent","Attached","Good",374000
2736,"Average",1915,1,2500,"Excellent","Attached","Good",155000
2432,"Average",1998,2,4500,"Average","Attached","No Fireplace",164000
1998,"Average",1962,1,7758,"Good","Detached","No Fireplace",132500
2226,"Average",1950,1,9600,"Good","Attached","Good",147000
2146,"Average",1965,2,10289,"Average","Attached","No Fireplace",156000
2968,"Average",1971,2,12243,"Average","Attached","Average",175000
3368,"Below Average",1900,2,10800,"Average","Attached","Good",160000
1260,"Average",1970,1,1526,"Good","Attached","No Fireplace",86000
1568,"Average",1976,1,2665,"Average","Built In","Good",115000
2384,"Average",1941,1,9490,"Fair","Attached","Average",133000
2184,"Average",2006,2,15578,"Average","Attached","No Fireplace",172785
2538,"Average",1960,1,7931,"Average","Detached","Fair",155000
1076,"Average",1938,1,5784,"Average","Attached","No Fireplace",91300
1440,"Average",1920,0,7879,"Average","No Garage","No Fireplace",34900
6428,"Above Average",1992,2,12692,"Good","Attached","Good",430000
2846,"Average",1925,1,9120,"Average","Detached","No Fireplace",184000
1763,"Average",1967,1,7800,"Good","Attached","No Fireplace",130000
1824,"Average",1958,1,7535,"Average","Attached","No Fireplace",120000
1890,"Average",1973,1,1890,"Average","Detached","No Fireplace",113000
2634,"Average",2005,2,9803,"Good","Attached","No Fireplace",226700
2428,"Average",1965,2,9170,"Average","Detached","No Fireplace",140000
3302,"Average",1959,2,15602,"Average","Attached","Average",289000
2177,"Average",1974,2,2308,"Average","Attached","Fair",147000
2920,"Average",1952,2,7596,"Average","Detached","No Fireplace",124500
2688,"Above Average",1993,2,9554,"Good","Attached","Average",215000
2436,"Average",2009,2,7862,"Good","Attached","No Fireplace",208300
2067,"Average",1928,2,9600,"Good","Detached","Good",161000
2082,"Average",1959,1,9600,"Average","Attached","No Fireplace",124500
2371,"Average",1951,1,14559,"Average","Car Port","Average",164900
2736,"Average",2005,2,6792,"Good","Attached","Good",202665
1728,"Average",1958,2,9100,"Average","Detached","No Fireplace",129900
2164,"Average",1983,2,9187,"Average","Attached","No Fireplace",134000
1557,"Average",1926,1,10594,"Average","Detached","No Fireplace",96500
4026,"Above Average",2009,3,12220,"Excellent","Attached","Good",402861
2808,"Average",1972,2,10448,"Average","Attached","Average",158000
3608,"Average",1996,3,10208,"Good","Attached","Average",265000
2590,"Average",1998,2,9531,"Average","Attached","No Fireplace",211000
3356,"Average",1926,1,10918,"Good","Detached","Good",234000
1294,"Average",1900,0,10800,"Average","No Garage","No Fireplace",106250
2488,"Average",1957,1,11988,"Average","Attached","Good",150000
2668,"Average",1947,2,5000,"Average","Detached","Good",159000
3777,"Average",1996,3,11787,"Good","Attached","Average",315750
2523,"Average",2005,2,7500,"Good","Attached","Average",176000
1856,"Average",1956,1,13300,"Average","Attached","No Fireplace",132000
4165,"Above Average",2008,3,14948,"Excellent","Attached","Good",446261
1133,"Average",1920,0,9098,"Average","No Garage","No Fireplace",86000
4550,"Below Average",1957,2,32668,"Average","Attached","Average",200624
2970,"Average",1988,2,10200,"Good","Attached","Fair",175000
1973,"Average",1920,2,6155,"Average","Detached","No Fireplace",128000
827,"Average",1955,1,7200,"Average","Detached","Poor",107500
334,"Below Average",1946,0,5000,"Fair","No Garage","No Fireplace",39300
2121,"Above Average",2004,2,9056,"Good","Attached","Good",178000
2464,"Average",1910,0,7000,"Average","No Garage","No Fireplace",107500
2604,"Average",1998,2,8924,"Good","Attached","No Fireplace",188000
1728,"Average",1972,2,12735,"Average","Detached","No Fireplace",111250
2210,"Average",1968,1,11553,"Average","Attached","Fair",158000
3182,"Above Average",2001,2,11423,"Good","Attached","Average",272000
3676,"Above Average",2006,3,14601,"Excellent","Attached","Good",315000
3254,"Above Average",2000,3,11000,"Good","Built In","Average",248000
3330,"Average",1998,2,10140,"Good","Attached","Average",213250
1490,"Average",1998,1,4058,"Average","Attached","No Fireplace",133000
2150,"Average",2006,2,17104,"Good","Attached","Good",179665
3387,"Average",1988,3,13837,"Good","Attached","No Fireplace",229000
2700,"Average",1923,2,8737,"Average","Detached","Good",210000
1536,"Average",1970,2,7244,"Average","Detached","No Fireplace",129500
1650,"Average",1955,2,8235,"Average","Detached","No Fireplace",125000
3006,"Average",2003,2,9375,"Good","Built In","Good",263000
2138,"Average",1977,2,4043,"Average","Attached","No Fireplace",140000
1856,"Average",1957,1,6000,"Average","Attached","No Fireplace",112500
3426,"Above Average",2006,3,11146,"Good","Attached","Good",255500
1126,"Average",1949,2,8777,"Good","Detached","No Fireplace",108000
3044,"Average",2003,3,10625,"Good","Built In","Good",284000
2041,"Average",1922,1,6380,"Average","Detached","Good",113000
2184,"Average",1957,1,14850,"Average","Attached","Average",141000
1973,"Average",1920,1,11040,"Average","Car Port","No Fireplace",108000
2175,"Average",1996,2,21872,"Average","Attached","Average",175000
2931,"Average",2003,2,3196,"Good","Attached","Average",234000
2784,"Average",1957,2,11341,"Average","Detached","Good",121500
2778,"Average",1974,2,10010,"Average","Attached","Average",170000
1992,"Average",1940,0,13907,"Average","No Garage","Good",108000
2837,"Average",1918,2,21780,"Average","Detached","Good",185000
3390,"Average",1992,2,13346,"Good","Attached","Average",268000
2453,"Below Average",1915,1,6858,"Fair","Detached","No Fireplace",128000
3626,"Above Average",2005,3,11198,"Excellent","Built In","Good",325000
3052,"Average",2004,2,10171,"Good","Attached","No Fireplace",214000
3628,"Above Average",1983,2,12327,"Good","Built In","Good",316600
1886,"Average",1979,2,7032,"Average","Detached","Average",135960
3456,"Average",1965,2,13101,"Average","Detached","No Fireplace",142600
1728,"Average",1959,1,7332,"Good","Attached","No Fireplace",120000
2538,"Average",2009,2,13159,"Good","Attached","No Fireplace",224500
1814,"Average",2000,2,9967,"Average","Built In","Average",170000
1481,"Average",1971,1,10500,"Average","Built In","No Fireplace",139000
2048,"Average",1947,1,8480,"Average","Detached","No Fireplace",118500
2338,"Average",1928,1,6292,"Average","Detached","Good",145000
2484,"Average",1966,2,11777,"Average","Attached","Fair",164500
2081,"Average",2007,2,3604,"Good","Detached","No Fireplace",146000
2845,"Average",1954,1,12150,"Average","Attached","No Fireplace",131500
2573,"Average",1960,2,14585,"Good","Attached","Good",181900
4084,"Above Average",2008,3,12704,"Excellent","Attached","Good",253293
1632,"Average",1990,0,11841,"Average","No Garage","No Fireplace",118500
4012,"Above Average",1893,2,13500,"Good","Detached","Good",325000
2457,"Average",1935,1,6120,"Good","Detached","No Fireplace",133000
3896,"Above Average",2005,3,11443,"Good","Attached","Good",369900
1654,"Average",1918,1,10267,"Fair","Detached","No Fireplace",130000
1700,"Average",1982,2,8740,"Average","Detached","No Fireplace",137000
2910,"Average",1968,1,25095,"Excellent","Attached","Good",143000
1677,"Average",1930,1,9100,"Average","Detached","No Fireplace",79500
2352,"Average",2004,2,8320,"Good","Attached","No Fireplace",185900
4018,"Above Average",2008,3,13478,"Excellent","Built In","Good",451950
1632,"Average",1982,2,6600,"Average","Detached","No Fireplace",138000
1696,"Average",2003,2,4435,"Good","Attached","No Fireplace",140000
1848,"Average",1975,1,7990,"Average","Detached","No Fireplace",110000
3640,"Above Average",2005,3,11302,"Good","Attached","Average",319000
2052,"Average",1910,1,3600,"Average","Detached","No Fireplace",114504
2660,"Average",2006,3,3922,"Good","Attached","Good",194201
3077,"Average",1977,2,12984,"Good","Attached","Average",217500
2272,"Average",1980,2,1950,"Average","Attached","Average",151000
2962,"Above Average",2005,2,10927,"Excellent","Built In","Good",275000
2155,"Average",1937,1,9000,"Good","Detached","Good",141000
2823,"Above Average",1992,2,10041,"Good","Attached","Average",220000
1800,"Average",2004,2,3182,"Good","Detached","No Fireplace",151000
2988,"Average",2002,2,12803,"Good","Attached","Average",221000
2754,"Average",1965,2,13600,"Average","Attached","Fair",205000
2080,"Average",1996,2,12464,"Good","Detached","No Fireplace",152000
2904,"Average",1948,1,7800,"Excellent","Attached","No Fireplace",225000
4159,"Above Average",1934,2,12168,"Average","Basement Garage","Good",359100
2058,"Average",1961,1,7943,"Average","Attached","No Fireplace",118500
3593,"Above Average",2000,3,11050,"Excellent","Attached","Excellent",313000
2064,"Average",1978,2,10395,"Average","Attached","Average",148000
3171,"Above Average",2001,2,11885,"Excellent","Built In","Average",261500
2240,"Average",2007,0,8402,"Average","No Garage","No Fireplace",147000
1260,"Average",1972,0,1491,"Average","No Garage","No Fireplace",75500
1990,"Average",1963,2,8800,"Good","Attached","No Fireplace",137500
2292,"Average",2002,2,7861,"Good","Attached","Good",183200
1664,"Average",1954,2,7227,"Good","Detached","No Fireplace",105500
3650,"Above Average",2007,3,11694,"Good","Attached","Good",314813
3744,"Above Average",2003,3,12244,"Good","Attached","Good",305000
1728,"Below Average",1914,0,8248,"Average","No Garage","No Fireplace",67000
4136,"Average",1974,2,10800,"Average","Attached","Average",240000
1960,"Average",1977,2,7064,"Average","Detached","No Fireplace",135000
2268,"Average",2000,2,2117,"Good","Detached","Average",168500
2522,"Average",1972,2,10400,"Average","Attached","Average",165150
2232,"Average",1962,2,10000,"Average","Attached","No Fireplace",160000
2400,"Average",1960,1,12342,"Average","Attached","Average",139900
2676,"Average",1955,1,9600,"Average","Basement Garage","Good",153000
3120,"Average",1969,2,11606,"Fair","Attached","Average",135000
2598,"Average",1964,2,9020,"Average","Attached","No Fireplace",168500
2386,"Average",1880,1,9000,"Excellent","Detached","No Fireplace",124000
3108,"Above Average",2006,2,4590,"Good","Attached","Good",209500
2797,"Average",1977,2,11900,"Average","Attached","Average",82500
2112,"Average",1954,1,9250,"Average","Attached","No Fireplace",139400
2112,"Average",1980,2,6979,"Average","Detached","No Fireplace",144000
4835,"Average",1914,0,10896,"Fair","No Garage","No Fireplace",200000
1064,"Below Average",1936,0,6120,"Fair","No Garage","Poor",60000
2198,"Below Average",1954,1,6000,"Good","Built In","No Fireplace",93000
1592,"Average",1910,0,8777,"Average","No Garage","No Fireplace",85000
3087,"Above Average",2006,3,3982,"Excellent","Attached","Good",264561
3036,"Above Average",2003,2,12677,"Excellent","Attached","Good",274000
2986,"Average",2001,2,7050,"Good","Attached","Average",226000
4656,"Above Average",1972,2,13860,"Excellent","Attached","Average",345000
2400,"Average",1969,2,10793,"Average","Attached","No Fireplace",152000
3532,"Above Average",2009,3,9187,"Excellent","Attached","Good",370878
1962,"Average",1971,2,10530,"Average","Detached","No Fireplace",143250
1048,"Average",1950,2,7200,"Average","Detached","No Fireplace",98300
2188,"Average",1953,2,10452,"Average","Attached","Good",155000
2595,"Average",1966,2,7700,"Average","Attached","Average",155000
1260,"Average",1970,0,1936,"Average","No Garage","No Fireplace",84500
2478,"Average",2007,2,8125,"Good","Attached","No Fireplace",205950
2265,"Average",1940,1,9084,"Average","Detached","Good",108000
2596,"Average",1996,2,8750,"Good","Attached","Average",191000
2225,"Average",1906,1,10320,"Average","Detached","No Fireplace",135000
4222,"Above Average",1995,3,10437,"Good","Attached","Average",350000
1617,"Average",1971,1,1680,"Average","Detached","No Fireplace",88000
2106,"Average",1959,1,10007,"Good","Attached","No Fireplace",145500
2278,"Average",1931,1,7200,"Average","Attached","Good",149000
2370,"Average",1948,1,17503,"Average","Attached","Good",97500
2972,"Average",1964,2,9937,"Average","Detached","No Fireplace",167000
2728,"Average",1976,2,12384,"Average","Attached","Average",197900
4077,"Above Average",1994,3,46589,"Good","Attached","Average",402000
2784,"Below Average",1968,2,13560,"Average","Attached","Average",110000
2319,"Average",1972,2,10012,"Average","Detached","No Fireplace",137500
4174,"Above Average",2005,3,20896,"Excellent","Attached","Excellent",423000
3342,"Above Average",2000,2,11194,"Good","Attached","Average",230500
3401,"Average",1965,2,18450,"Average","Car Port","Poor",129000
3087,"Average",1994,2,8125,"Good","Attached","Fair",193500
2625,"Average",1956,2,14175,"Average","Detached","Average",168000
1880,"Average",1922,1,11600,"Fair","Detached","Good",137500
2214,"Average",2005,2,8633,"Good","Attached","No Fireplace",173500
2041,"Average",1925,1,6629,"Average","Detached","No Fireplace",103600
2416,"Average",1977,2,11250,"Average","Attached","Average",165000
3316,"Average",1957,2,14442,"Good","Attached","Average",257500
2272,"Average",1965,1,9200,"Average","Attached","Good",140000
2296,"Average",1978,2,2289,"Average","Attached","Average",148500
2869,"Below Average",1900,3,9600,"Average","2+ Garages","No Fireplace",87000
1560,"Average",1924,1,9022,"Good","Detached","No Fireplace",109500
4092,"Above Average",2008,3,11844,"Good","Attached","Good",372500
1976,"Average",1961,2,9945,"Average","Detached","No Fireplace",128500
1846,"Average",1980,1,8012,"Average","Attached","Average",143000
2313,"Average",1932,1,4500,"Average","Detached","No Fireplace",159434
2582,"Average",1996,2,2887,"Good","Attached","Good",173000
3294,"Above Average",2002,3,11248,"Good","Attached","Average",285000
3034,"Average",1998,2,16770,"Average","Attached","No Fireplace",221000
3280,"Average",1984,2,5062,"Good","Attached","Average",207500
2635,"Average",2007,2,10207,"Good","Attached","No Fireplace",227875
1653,"Average",2004,2,5105,"Good","Detached","No Fireplace",148800
2838,"Above Average",2007,2,8089,"Good","Attached","Good",392000
2724,"Average",2005,2,7577,"Good","Attached","Good",194700
1696,"Average",2004,2,4426,"Good","Attached","Average",141000
6760,"Above Average",1994,3,21535,"Excellent","Attached","Excellent",755000
3729,"Average",1989,2,26178,"Good","Attached","Good",335000
2146,"Average",1921,1,5400,"Average","Detached","No Fireplace",108480
2466,"Average",1936,2,6120,"Average","Detached","No Fireplace",141500
2249,"Average",1987,2,13811,"Good","Attached","Average",176000
1232,"Average",1921,1,6000,"Average","Detached","No Fireplace",89000
2128,"Average",1952,1,6420,"Average","Detached","No Fireplace",123500
1788,"Average",1965,1,8450,"Average","Detached","Good",138500
2782,"Average",2004,2,4282,"Good","Attached","No Fireplace",196000
3600,"Above Average",2002,3,14331,"Good","Attached","Good",312500
2328,"Average",1969,2,9600,"Average","Attached","No Fireplace",140000
3810,"Above Average",2006,3,12438,"Excellent","Built In","Good",361919
2172,"Average",1900,2,7630,"Good","Detached","Poor",140000
2957,"Average",2004,2,8400,"Good","Attached","No Fireplace",213000
1092,"Average",1930,0,5600,"Fair","No Garage","No Fireplace",55000
3467,"Average",1971,2,115149,"Good","Attached","Average",302000
2648,"Above Average",2006,2,6240,"Good","Attached","Good",254000
2184,"Average",2007,2,9018,"Good","Attached","Good",179540
1780,"Average",1966,1,7162,"Average","Attached","No Fireplace",109900
999,"Average",1935,0,4130,"Average","No Garage","No Fireplace",52000
2037,"Average",1900,1,8712,"Average","Detached","No Fireplace",102776
2456,"Above Average",1988,2,4671,"Good","Attached","Good",189000
1920,"Average",1970,2,9873,"Average","Detached","No Fireplace",129000
2204,"Average",1976,2,13517,"Good","Attached","No Fireplace",130500
2414,"Average",1974,2,10140,"Average","Attached","Average",165000
3272,"Average",1890,2,10800,"Average","Detached","No Fireplace",159500
2354,"Average",1973,2,10000,"Good","Attached","Fair",157000
3729,"Average",1993,3,10542,"Good","Attached","Average",341000
1942,"Average",1969,1,9920,"Average","Attached","Poor",128500
3484,"Above Average",1985,2,6563,"Good","Attached","Average",275000
1696,"Average",2004,2,4426,"Good","Attached","No Fireplace",143000
1728,"Average",1970,2,8120,"Average","Detached","No Fireplace",124500
2411,"Average",1954,1,8172,"Average","Detached","No Fireplace",135000
3396,"Above Average",2007,3,13286,"Excellent","Attached","Good",320000
1728,"Average",1970,2,6960,"Good","Detached","No Fireplace",120500
2560,"Average",1988,2,21695,"Good","Attached","Good",222000
2464,"Average",2007,2,7314,"Good","Attached","No Fireplace",194500
3360,"Average",1958,3,11475,"Average","Detached","No Fireplace",110000
1988,"Average",1925,2,6240,"Average","Detached","No Fireplace",103000
3211,"Above Average",1995,2,5389,"Good","Attached","Average",236500
2014,"Average",2003,2,9590,"Good","Attached","Good",187500
3184,"Average",1998,2,11404,"Good","Attached","Average",222500
2008,"Average",1961,1,10000,"Average","Attached","Average",131400
1896,"Average",1968,1,8978,"Average","Attached","No Fireplace",108000
2648,"Average",1914,2,10800,"Average","Detached","Average",163000
1040,"Below Average",1950,2,8544,"Average","Detached","No Fireplace",93500
2694,"Above Average",2005,3,10463,"Good","Attached","Good",239900
2400,"Average",1987,0,10800,"Average","No Garage","No Fireplace",179000
2592,"Average",2004,2,9313,"Good","Attached","No Fireplace",190000
1696,"Average",1910,2,9600,"Average","Detached","No Fireplace",132000
1824,"Average",1961,1,6768,"Good","Detached","No Fireplace",142000
2698,"Average",2000,2,8450,"Average","Attached","No Fireplace",179000
1984,"Average",1963,2,12886,"Average","Attached","Average",175000
2674,"Above Average",1993,2,5395,"Good","Attached","Average",180000
3857,"Above Average",1976,2,8963,"Good","Built In","Average",299800
3208,"Average",2000,2,8795,"Good","Built In","Average",236000
3880,"Average",1880,4,11700,"Good","Detached","Good",265979
3440,"Average",1996,2,10593,"Good","Attached","Average",260400
1529,"Below Average",1945,1,8405,"Average","Detached","No Fireplace",98000
1716,"Average",1910,0,8800,"Average","No Garage","No Fireplace",96500
1980,"Average",2003,2,7750,"Good","Attached","No Fireplace",162000
2973,"Average",1997,2,9236,"Good","Attached","No Fireplace",217000
3128,"Above Average",2005,3,10240,"Excellent","Attached","Good",275500
2052,"Average",1969,2,7930,"Good","Detached","No Fireplace",156000
2200,"Average",1999,2,3230,"Average","Detached","No Fireplace",172500
2634,"Above Average",2007,2,10769,"Good","Attached","No Fireplace",212000
2058,"Average",1978,2,11616,"Average","Attached","Average",158900
2245,"Average",1999,2,2280,"Average","Detached","No Fireplace",179400
3849,"Above Average",1995,3,12257,"Good","Attached","Average",290000
1728,"Average",1959,1,9100,"Average","Detached","No Fireplace",127500
2446,"Average",1924,2,6911,"Fair","Detached","No Fireplace",100000
2303,"Average",2009,2,8640,"Good","Attached","No Fireplace",215200
3617,"Above Average",1999,3,9430,"Good","Attached","Good",337000
2988,"Above Average",1995,2,9549,"Excellent","Attached","Good",270000
3004,"Above Average",2008,2,14587,"Excellent","Attached","Good",264132
2694,"Average",1988,2,10421,"Average","Attached","Average",196500
2733,"Average",1940,1,12508,"Average","Attached","No Fireplace",160000
3696,"Average",2004,2,9100,"Good","Attached","Good",216837
4929,"Above Average",2003,3,53504,"Excellent","Built In","Good",538000
1716,"Average",1982,2,7252,"Average","Detached","No Fireplace",134900
2056,"Average",1951,2,8877,"Average","Detached","No Fireplace",102000
2146,"Average",1976,2,7819,"Average","Detached","Average",107000
1824,"Average",1958,1,10150,"Average","Attached","No Fireplace",114500
3908,"Above Average",2006,3,14226,"Good","Attached","Good",395000
2408,"Average",1998,2,4500,"Average","Attached","No Fireplace",162000
3228,"Average",2005,3,11210,"Good","Attached","No Fireplace",221500
1758,"Average",1974,2,13350,"Average","Attached","Fair",142500
2020,"Average",1977,2,8400,"Average","Detached","Average",144000
1979,"Average",1977,2,10530,"Average","Attached","No Fireplace",135000
2490,"Average",1995,2,7875,"Average","Attached","Average",176000
2364,"Average",1992,2,7153,"Good","Attached","No Fireplace",175900
2843,"Average",2001,2,16285,"Good","Attached","No Fireplace",187100
2207,"Average",1978,2,9101,"Good","Attached","Average",165500
2226,"Average",1914,0,6300,"Average","No Garage","Good",128000
2714,"Average",1967,2,9790,"Average","Attached","Good",161500
2338,"Average",1915,1,10800,"Average","Detached","No Fireplace",139000
3040,"Average",2004,2,10142,"Good","Built In","No Fireplace",233000
1802,"Average",1954,1,6000,"Average","Detached","No Fireplace",107900
2919,"Average",1966,2,12205,"Good","Attached","No Fireplace",187500
2290,"Average",2005,2,3182,"Good","Attached","Good",160200
2091,"Average",1976,2,11333,"Average","Attached","Average",146800
3130,"Average",1996,2,9920,"Average","Attached","Average",269790
2992,"Above Average",2007,2,9158,"Good","Attached","No Fireplace",225000
2607,"Average",1994,2,10832,"Good","Attached","Average",194500
2214,"Average",1980,2,8400,"Average","Attached","Average",171000
1945,"Average",1977,2,8197,"Average","Attached","Average",143500
1546,"Average",1953,1,7677,"Average","Attached","No Fireplace",110000
5066,"Above Average",2008,3,13518,"Excellent","Built In","Good",485000
2499,"Average",1937,1,7200,"Good","Detached","Average",175000
2304,"Average",1997,2,12798,"Good","Attached","No Fireplace",200000
2392,"Average",1916,2,4800,"Average","Detached","No Fireplace",109900
2184,"Average",2005,2,8199,"Good","Attached","Good",189000
4556,"Above Average",2008,3,13891,"Excellent","Built In","Good",582933
2064,"Average",1954,1,9000,"Average","Attached","No Fireplace",118000
2845,"Average",2008,2,12274,"Excellent","Attached","No Fireplace",227680
1960,"Average",1967,1,9750,"Average","Attached","No Fireplace",135500
2900,"Average",1923,2,21384,"Good","Attached","Average",223500
2110,"Average",1966,2,13400,"Average","Attached","Good",159950
2987,"Average",1898,2,8100,"Average","Detached","No Fireplace",106000
2349,"Average",1974,2,10140,"Good","Attached","Fair",181000
1696,"Average",2004,2,4438,"Good","Attached","Good",144500
1584,"Average",1952,2,8712,"Fair","Basement Garage","No Fireplace",55993
2884,"Average",1958,1,9750,"Average","Attached","No Fireplace",157900
1936,"Average",1918,1,8248,"Fair","Detached","No Fireplace",116000
3310,"Average",1998,2,12137,"Good","Attached","No Fireplace",224900
2016,"Average",1954,1,11425,"Average","Attached","Good",137000
3257,"Above Average",2002,3,13265,"Good","Attached","Good",271000
2062,"Average",1971,2,8816,"Average","Attached","No Fireplace",155000
2716,"Average",2009,2,6371,"Good","Attached","Good",224000
2438,"Average",2003,2,7226,"Good","Attached","No Fireplace",183000
1872,"Below Average",1953,2,6000,"Average","Detached","No Fireplace",93000
2580,"Average",2003,2,12394,"Good","Built In","Good",225000
2267,"Average",1940,1,9900,"Average","Detached","Good",139500
2978,"Above Average",2006,2,11216,"Good","Attached","Good",232600
4162,"Above Average",2007,3,14803,"Excellent","Attached","Good",385000
1568,"Average",1924,0,6130,"Good","No Garage","No Fireplace",109500
2888,"Average",2001,2,8529,"Good","Attached","Average",189000
3139,"Average",1967,2,28698,"Average","Attached","No Fireplace",185000
1823,"Average",2005,2,2544,"Good","Detached","No Fireplace",147400
2784,"Average",1957,2,11900,"Average","Attached","Good",166000
1800,"Average",2005,2,3180,"Good","Detached","No Fireplace",151000
2770,"Average",2003,2,9548,"Good","Attached","Average",237000
3032,"Average",1964,2,10004,"Average","Attached","No Fireplace",167000
2288,"Average",1961,2,7875,"Average","Attached","No Fireplace",139950
2134,"Average",1950,2,9600,"Good","Attached","No Fireplace",128000
3118,"Average",1948,2,8100,"Average","Detached","No Fireplace",153500
1470,"Average",1973,1,1680,"Average","Detached","No Fireplace",100000
2198,"Average",1995,1,9525,"Good","Attached","No Fireplace",144000
1968,"Average",1946,1,11767,"Average","Detached","No Fireplace",130500
2154,"Average",1925,1,12155,"Fair","Detached","No Fireplace",140000
2189,"Average",1904,2,10440,"Good","Detached","Poor",157500
2292,"Average",1966,2,9020,"Average","Attached","No Fireplace",174900
3600,"Below Average",1961,0,8000,"Average","No Garage","No Fireplace",141000
2292,"Average",1915,3,12665,"Average","Detached","Good",153900
3091,"Average",1975,2,16647,"Average","Basement Garage","Average",171000
2515,"Average",1993,2,9317,"Good","Attached","Average",213000
1728,"Average",1972,1,15523,"Average","Attached","Fair",133500
3265,"Average",1908,2,45600,"Average","Detached","Good",240000
2383,"Average",1976,2,9600,"Average","Attached","Average",187000
1696,"Average",2003,2,4435,"Good","Attached","No Fireplace",131500
2729,"Above Average",2003,2,3196,"Good","Attached","Average",215000
2564,"Average",1941,1,7128,"Average","Detached","Good",164000
2572,"Average",1964,2,12095,"Average","Attached","Fair",158000
3542,"Below Average",1955,2,17920,"Average","Attached","Good",170000
2080,"Average",1962,1,6897,"Average","Detached","No Fireplace",127000
1966,"Average",1978,2,10970,"Average","Detached","No Fireplace",147000
2183,"Average",1994,2,8125,"Average","Attached","Average",174000
2460,"Average",1976,2,10400,"Average","Attached","Average",152000
3708,"Average",1968,2,11029,"Good","Attached","Good",250000
2338,"Average",1918,1,7642,"Good","Detached","Good",189950
2078,"Below Average",1965,2,11625,"Average","Attached","No Fireplace",131500
2137,"Average",1984,2,9672,"Average","Attached","No Fireplace",152000
2296,"Average",1959,1,7931,"Average","Attached","No Fireplace",132500
2744,"Average",2007,2,8640,"Good","Attached","No Fireplace",250580
2004,"Average",1970,2,8750,"Average","Detached","No Fireplace",148500
3284,"Above Average",2006,3,10656,"Good","Attached","Good",248900
2160,"Average",1961,2,6970,"Fair","Attached","No Fireplace",129000
2320,"Average",1948,2,14762,"Average","Attached","Average",169000
2999,"Average",1993,2,9938,"Good","Attached","Average",236000
1788,"Average",1962,1,6600,"Average","Detached","No Fireplace",109500
2486,"Average",1998,2,8750,"Good","Attached","No Fireplace",200500
1015,"Average",1953,2,8892,"Good","Attached","No Fireplace",116000
2100,"Average",1949,1,12144,"Average","Attached","Good",133000
1807,"Average",1941,1,5720,"Average","Detached","No Fireplace",66500
3794,"Above Average",2007,2,9000,"Excellent","Built In","Good",303477
2104,"Average",1963,2,25286,"Average","Attached","No Fireplace",132250
3686,"Above Average",2004,3,8834,"Excellent","Attached","Good",350000
2264,"Average",1961,2,11782,"Good","Detached","No Fireplace",148000
1728,"Average",1978,1,7000,"Average","Attached","No Fireplace",136500
2180,"Average",2005,2,7024,"Average","Attached","No Fireplace",157000
2873,"Average",1990,2,13758,"Good","Attached","Average",187500
2401,"Average",1992,2,9636,"Average","Built In","Average",178000
3025,"Average",1912,1,6204,"Average","Detached","No Fireplace",118500
1784,"Average",1967,1,7150,"Average","Attached","No Fireplace",100000
3407,"Above Average",1999,2,5119,"Good","Attached","Average",328900
3338,"Average",1959,2,8393,"Average","Attached","No Fireplace",145000
2209,"Average",1955,1,16466,"Average","Attached","No Fireplace",135500
4434,"Above Average",1970,2,15865,"Good","Attached","Average",268000
3010,"Below Average",1953,2,12160,"Average","Attached","Average",149500
1596,"Average",1949,2,8064,"Average","Detached","Poor",122900
2601,"Average",1978,2,11184,"Average","Attached","Average",172500
2127,"Average",1963,1,8414,"Average","Attached","No Fireplace",154500
2766,"Average",1954,1,13284,"Average","Attached","Good",165000
1535,"Average",1979,2,7018,"Average","Attached","No Fireplace",118858
2576,"Average",1963,2,7056,"Average","Attached","Average",140000
1902,"Average",1936,1,8765,"Average","Detached","No Fireplace",106500
2240,"Average",1979,2,7018,"Average","Detached","No Fireplace",142953
4694,"Above Average",2009,3,12919,"Excellent","Attached","Good",611657
2148,"Average",1961,1,6993,"Average","Attached","Average",135000
1716,"Average",1971,1,7340,"Average","Detached","No Fireplace",110000
2298,"Average",1957,1,8712,"Average","Detached","No Fireplace",153000
2292,"Average",2003,2,7875,"Good","Attached","Good",180000
3340,"Average",2006,3,14859,"Good","Attached","Good",240000
1778,"Average",1967,1,6173,"Average","Attached","No Fireplace",125500
2119,"Average",1954,1,9920,"Average","Attached","No Fireplace",128000
3259,"Above Average",2006,3,13501,"Good","Attached","Good",255000
3074,"Average",1936,1,11500,"Good","Attached","Good",250000
1766,"Average",1983,2,8885,"Average","Attached","No Fireplace",131000
2226,"Average",2005,2,12589,"Good","Attached","Good",174000
3379,"Average",1960,2,11600,"Average","Detached","No Fireplace",154300
2536,"Average",1977,1,9286,"Good","Detached","No Fireplace",143500
1783,"Average",1925,1,6120,"Average","Detached","No Fireplace",88000
3003,"Average",1949,3,6270,"Average","2+ Garages","No Fireplace",145000
1836,"Average",2009,2,3000,"Good","Detached","No Fireplace",173733
1638,"Average",1970,1,2001,"Average","Attached","No Fireplace",75000
960,"Below Average",1949,1,9000,"Average","Detached","No Fireplace",35311
2363,"Average",1956,1,17140,"Average","Attached","No Fireplace",135000
3231,"Average",1991,3,13125,"Good","Attached","Average",238000
2598,"Average",1958,2,11029,"Average","Attached","Average",176500
2649,"Average",1994,2,8462,"Good","Attached","No Fireplace",201000
3472,"Average",1900,0,8777,"Average","No Garage","No Fireplace",145900
2632,"Average",2005,2,10237,"Good","Attached","Good",169990
3221,"Average",1993,2,8012,"Good","Attached","Fair",193000
3372,"Average",1980,2,10240,"Average","Attached","Average",207500
2252,"Average",1977,2,15611,"Excellent","Attached","No Fireplace",175000
3555,"Above Average",2003,3,11999,"Excellent","Built In","Good",285000
2810,"Average",1968,2,9900,"Average","Attached","Good",176000
3541,"Above Average",2001,2,11838,"Excellent","Attached","Average",236500
3200,"Average",1997,2,13006,"Good","Built In","Average",222000
2932,"Above Average",2007,3,8925,"Good","Attached","No Fireplace",201000
1850,"Average",1965,1,9100,"Average","Detached","No Fireplace",117500
3810,"Above Average",2006,3,11670,"Excellent","Attached","Good",320000
3000,"Average",2004,2,8487,"Good","Attached","No Fireplace",190000
2654,"Average",1960,2,27650,"Good","Attached","Good",242000
1347,"Average",1926,2,5825,"Average","Detached","No Fireplace",79900
2376,"Average",2003,2,10083,"Good","Attached","No Fireplace",184900
3084,"Average",2005,2,9675,"Good","Attached","Good",253000
3353,"Average",2006,3,8760,"Good","Attached","No Fireplace",239799
3435,"Average",1940,1,24090,"Average","Attached","Average",244400
3456,"Average",1976,2,12640,"Average","Attached","No Fireplace",150900
3052,"Average",1999,2,8755,"Good","Built In","Average",214000
2880,"Below Average",1977,0,7711,"Average","No Garage","No Fireplace",150000
3264,"Below Average",1967,2,25000,"Average","Attached","No Fireplace",143000
2163,"Average",1958,2,14375,"Good","Basement Garage","Good",137500
2957,"Average",1890,2,8820,"Average","Detached","No Fireplace",124900
2288,"Average",1959,1,8163,"Average","Attached","Average",143000
3245,"Above Average",2002,3,14536,"Good","Attached","Good",270000
2712,"Average",2002,2,14006,"Good","Attached","Average",192500
2542,"Average",1972,2,9360,"Good","Attached","Average",197500
1728,"Average",1950,2,7200,"Good","Detached","No Fireplace",129000
1793,"Average",1965,1,7800,"Average","Detached","No Fireplace",119900
1536,"Average",1972,1,7200,"Average","Detached","No Fireplace",133900
2752,"Below Average",1969,2,11075,"Average","Attached","Poor",172000
1925,"Average",1975,0,9400,"Average","No Garage","No Fireplace",127500
2937,"Average",1946,2,7136,"Average","Attached","No Fireplace",145000
1790,"Average",1980,2,1300,"Average","Attached","Average",124000
2114,"Average",1962,2,7420,"Average","Detached","No Fireplace",132000
2674,"Average",2003,2,8450,"Good","Attached","No Fireplace",185000
2112,"Average",1999,2,2572,"Good","Detached","No Fireplace",155000
1716,"Average",1958,0,7207,"Average","No Garage","No Fireplace",116500
4202,"Average",1977,2,12227,"Average","Attached","Average",272000
2352,"Average",1976,2,2308,"Good","Detached","Average",155000
3600,"Above Average",2007,2,11923,"Excellent","Attached","No Fireplace",239000
2711,"Average",2002,2,11316,"Good","Built In","Good",214900
2267,"Average",2005,2,10237,"Good","Attached","Good",178900
2036,"Average",1940,1,9600,"Average","Detached","Average",160000
2196,"Average",1955,1,7390,"Average","Attached","No Fireplace",135000
1568,"Average",1910,0,5925,"Average","No Garage","No Fireplace",37900
1683,"Average",1958,1,10382,"Average","Attached","No Fireplace",140000
1912,"Below Average",1949,0,10800,"Average","No Garage","No Fireplace",135000
2390,"Average",2003,2,2268,"Good","Built In","No Fireplace",173000
1836,"Average",1979,1,7892,"Average","Attached","Average",99500
2856,"Average",2007,2,11639,"Good","Attached","No Fireplace",182000
2747,"Average",1910,2,11414,"Good","Detached","No Fireplace",167500
2055,"Average",2000,2,2651,"Good","Detached","No Fireplace",165000
1309,"Average",1923,0,5900,"Fair","No Garage","No Fireplace",85500
2482,"Average",2006,2,4274,"Good","Attached","No Fireplace",199900
1788,"Average",1954,2,9450,"Average","Detached","No Fireplace",110000
2242,"Average",1963,2,8816,"Average","Detached","No Fireplace",139000
1943,"Average",1961,2,12122,"Excellent","Attached","No Fireplace",178400
3837,"Above Average",1998,3,12203,"Good","Attached","Average",336000
2532,"Average",2007,2,3182,"Good","Attached","Good",159895
3418,"Above Average",2002,2,11250,"Good","Attached","Good",255900
1734,"Average",1977,2,10125,"Good","Attached","No Fireplace",126000
2328,"Average",1950,1,10880,"Average","Detached","No Fireplace",125000
2120,"Average",1910,1,5310,"Good","Attached","No Fireplace",117000
3870,"Above Average",2009,3,10159,"Excellent","Attached","Good",395192
2878,"Average",1976,2,12046,"Good","Attached","Average",195000
2346,"Average",2006,2,8125,"Good","Attached","No Fireplace",197000
3788,"Above Average",1997,3,9452,"Good","Attached","Average",348000
2658,"Above Average",1882,2,17671,"Good","Attached","Good",168000
2673,"Average",1964,2,9760,"Good","Attached","Fair",187000
2250,"Average",2005,2,8846,"Good","Attached","No Fireplace",173900
3418,"Above Average",2006,3,12456,"Excellent","Attached","Good",337500
1977,"Average",1946,1,4712,"Average","Detached","No Fireplace",121600
2100,"Average",1961,1,10659,"Average","Attached","No Fireplace",136500
2884,"Average",1970,2,11717,"Average","Attached","Average",185000
2084,"Below Average",1922,1,9786,"Average","Detached","Good",91000
2395,"Average",2006,2,6762,"Good","Attached","No Fireplace",206000
944,"Below Average",1952,2,10206,"Fair","Detached","No Fireplace",82000
1382,"Average",1920,1,5400,"Excellent","Detached","No Fireplace",86000
3148,"Above Average",2006,3,11957,"Good","Attached","Good",232000
3360,"Average",1976,2,11500,"Average","Detached","No Fireplace",136905
2850,"Average",2005,2,3182,"Good","Attached","Good",181000
1970,"Average",1977,1,8385,"Average","Attached","No Fireplace",149900
3314,"Below Average",1970,2,12155,"Average","Attached","Average",163500
1638,"Below Average",1970,1,2217,"Average","Attached","No Fireplace",88000
3420,"Average",2004,2,12118,"Good","Attached","Good",240000
2530,"Average",1926,0,6000,"Average","No Garage","No Fireplace",102000
1991,"Average",1948,1,21286,"Average","Attached","Good",135000
1664,"Average",1965,0,9825,"Average","No Garage","No Fireplace",100000
2104,"Average",1923,1,10592,"Good","Detached","Average",165000
2044,"Below Average",1910,1,7200,"Average","Detached","No Fireplace",85000
2164,"Average",1948,1,11664,"Average","Detached","Good",119200
2475,"Above Average",2001,2,8400,"Good","Attached","No Fireplace",227000
3008,"Average",1996,2,11883,"Good","Attached","Average",203000
2580,"Above Average",1984,2,5814,"Good","Attached","Excellent",187500
1856,"Average",1991,2,10784,"Good","Attached","Average",160000
2868,"Average",2005,2,3013,"Good","Attached","Good",213490
2264,"Average",2005,2,7024,"Good","Attached","No Fireplace",176000
2419,"Average",2006,2,7406,"Good","Attached","No Fireplace",194000
2160,"Average",1930,1,9439,"Average","Detached","No Fireplace",87000
2850,"Average",2005,2,3182,"Good","Attached","Good",191000
4463,"Above Average",1976,2,15498,"Good","Attached","Good",287000
1764,"Average",1972,2,7700,"Average","Detached","No Fireplace",112500
2532,"Average",1960,2,9300,"Average","Attached","Good",167500
3284,"Above Average",2007,3,9520,"Good","Attached","Good",293077
2144,"Average",1941,1,9492,"Average","Attached","Good",105000
1890,"Average",1972,1,1680,"Average","Detached","No Fireplace",118000
2614,"Average",1916,0,7082,"Average","No Garage","No Fireplace",160000
3906,"Below Average",1920,2,15863,"Average","Basement Garage","Average",197000
3858,"Above Average",1993,3,14541,"Good","Attached","Average",310000
3308,"Average",2002,3,8125,"Good","Attached","No Fireplace",230000
1874,"Average",1938,1,6305,"Fair","Basement Garage","Good",119750
845,"Below Average",1957,1,11500,"Average","Detached","No Fireplace",84000
3240,"Above Average",2007,3,12898,"Excellent","Attached","Excellent",315500
3318,"Above Average",2001,2,9240,"Good","Built In","Average",287000
1890,"Average",1970,0,1533,"Average","No Garage","Average",97000
1260,"Below Average",1970,1,1477,"Average","Attached","No Fireplace",80000
2937,"Below Average",1957,2,13125,"Average","Attached","Average",155000
2432,"Average",1966,2,9130,"Good","Attached","No Fireplace",173000
2612,"Average",2005,2,5381,"Good","Attached","Good",196000
3804,"Average",1990,2,11839,"Good","Attached","Excellent",262280
5048,"Above Average",1981,2,9600,"Good","Attached","Good",278000
1733,"Average",1955,2,13680,"Average","Attached","Good",139600
4860,"Above Average",2005,3,16056,"Excellent","Built In","Good",556581
1980,"Average",1994,2,9245,"Average","Detached","No Fireplace",145000
1771,"Below Average",1960,2,21750,"Average","Attached","Average",115000
930,"Average",1946,1,11100,"Good","Detached","No Fireplace",84900
2604,"Average",2007,2,8993,"Good","Attached","No Fireplace",176485
2632,"Average",2007,2,11175,"Good","Attached","Good",200141
2793,"Average",1964,2,9500,"Average","Attached","Average",165000
2742,"Average",1957,1,8562,"Average","Basement Garage","Good",144500
3054,"Above Average",2002,2,11367,"Good","Attached","Good",255000
2716,"Average",1976,2,11361,"Average","Attached","Average",180000
2728,"Average",2005,2,7052,"Good","Attached","Good",185850
2823,"Average",1994,2,29959,"Good","Built In","Good",248000
3288,"Above Average",2008,3,11308,"Excellent","Attached","Good",335000
2845,"Average",1932,2,11275,"Average","Detached","Good",220000
2676,"Above Average",2001,2,4920,"Good","Attached","No Fireplace",213500
1788,"Below Average",1935,3,18000,"Average","Detached","No Fireplace",81000
2999,"Average",1900,2,13600,"Average","Detached","No Fireplace",90000
2206,"Average",1925,2,6000,"Good","Detached","Good",110500
2308,"Average",1966,2,11000,"Average","Attached","Poor",154000
3566,"Average",1996,2,14000,"Good","Attached","No Fireplace",328000
2370,"Average",1993,2,7837,"Average","Attached","Average",178000
2391,"Average",1964,2,9760,"Average","Attached","No Fireplace",167900
3463,"Below Average",1973,2,3964,"Average","Attached","Good",151400
1738,"Average",1949,2,9600,"Good","Detached","No Fireplace",135000
2096,"Average",1956,1,10152,"Average","Attached","No Fireplace",135000
2283,"Average",1968,2,11700,"Average","Attached","No Fireplace",154000
2266,"Below Average",1948,1,7585,"Average","Detached","Average",91500
2116,"Average",1977,2,7950,"Average","Attached","No Fireplace",159500
2480,"Average",2006,3,8556,"Good","Attached","No Fireplace",194000
2540,"Average",1940,1,13125,"Average","Attached","Good",219500
2262,"Average",1936,2,10800,"Good","Attached","Average",170000
2192,"Average",1969,1,15870,"Average","Attached","No Fireplace",138800
1696,"Average",2004,2,4435,"Good","Attached","Good",155900
1980,"Average",1994,1,8775,"Average","Attached","No Fireplace",126000
2516,"Average",1971,2,11040,"Good","Attached","No Fireplace",145000
2080,"Average",1963,1,7500,"Average","Attached","No Fireplace",133000
2918,"Average",2002,2,8749,"Good","Attached","Good",192000
2502,"Average",1964,1,8800,"Average","Attached","Good",160000
2189,"Average",1995,2,13031,"Average","Attached","Average",187500
1932,"Average",1992,2,9069,"Good","Attached","No Fireplace",147000
1638,"Average",1973,1,1974,"Average","Attached","No Fireplace",83500
3035,"Above Average",2005,3,10574,"Good","Attached","Good",252000
2679,"Average",2004,2,2522,"Good","Detached","No Fireplace",137500
2494,"Above Average",2005,2,3316,"Good","Attached","Good",197000
1040,"Below Average",1950,2,8544,"Average","Detached","No Fireplace",92900
1852,"Average",1999,2,2160,"Good","Detached","No Fireplace",160000
2875,"Average",1925,2,8400,"Average","Detached","Good",136500
2064,"Average",1965,2,9230,"Good","Detached","No Fireplace",146000
1872,"Average",1956,1,5868,"Average","Attached","No Fireplace",129000
2628,"Average",2006,2,9317,"Good","Attached","Good",176432
2039,"Average",1914,0,6882,"Good","No Garage","No Fireplace",127000
2162,"Above Average",1986,2,3696,"Good","Attached","No Fireplace",170000
1996,"Average",1936,1,6000,"Average","Detached","No Fireplace",128000
2872,"Average",1978,2,11880,"Average","Attached","Average",157000
728,"Average",1920,1,8400,"Fair","Detached","No Fireplace",60000
1900,"Average",1971,1,9758,"Average","Detached","No Fireplace",119500
2144,"Average",1960,1,7000,"Average","Attached","No Fireplace",135000
1849,"Average",1959,2,8910,"Average","Built In","Fair",159500
1932,"Average",1970,2,2016,"Average","Detached","No Fireplace",106000
4085,"Above Average",1994,2,12256,"Good","Attached","Average",325000
2352,"Average",1990,2,10357,"Good","Attached","Average",179900
2889,"Average",2006,2,23257,"Good","Built In","Good",274725
2614,"Average",2000,2,8063,"Average","Attached","Average",181000
3672,"Above Average",2004,3,11362,"Good","Attached","Good",280000
2431,"Average",1995,2,8000,"Average","Attached","Average",188000
2767,"Average",1976,2,10480,"Average","Attached","Good",205000
1632,"Average",1957,1,7100,"Average","Detached","No Fireplace",129900
2016,"Average",1953,1,8923,"Good","Attached","No Fireplace",134500
1666,"Average",1954,1,5400,"Good","Detached","No Fireplace",117000
3468,"Above Average",2007,3,12085,"Excellent","Attached","Good",318000
1827,"Above Average",2002,2,7750,"Good","Built In","Average",184100
1788,"Average",1967,2,9764,"Good","Attached","No Fireplace",130000
2134,"Average",1958,1,13825,"Average","Built In","No Fireplace",140000
2080,"Average",1959,1,7560,"Average","Attached","No Fireplace",133700
2024,"Average",1920,1,8263,"Average","Detached","Good",118400
3104,"Average",2005,3,10084,"Good","Attached","No Fireplace",212900
1632,"Below Average",1956,1,8926,"Average","Basement Garage","No Fireplace",112000
1396,"Average",1947,0,9405,"Average","No Garage","No Fireplace",118000
1866,"Average",1992,2,9125,"Good","Attached","Average",163900
2010,"Average",1955,2,10434,"Fair","Detached","Average",115000
2928,"Average",2007,3,3684,"Good","Attached","Average",174000
3060,"Average",2004,3,14572,"Good","Attached","Good",259000
2806,"Average",2004,2,11796,"Good","Built In","Good",215000
1872,"Average",1980,2,7200,"Average","Detached","No Fireplace",140000
3103,"Below Average",1928,2,7804,"Good","Detached","Average",135000
1948,"Average",1991,0,10712,"Average","No Garage","No Fireplace",93500
3218,"Below Average",1880,1,9900,"Fair","Detached","No Fireplace",117500
3148,"Above Average",1995,2,9828,"Good","Attached","Average",239500
2516,"Average",1997,2,8773,"Average","Attached","Average",169000
1946,"Average",1926,1,6180,"Average","Detached","Good",102000
2284,"Average",1950,1,9600,"Average","Attached","No Fireplace",119000
1800,"Average",1875,0,6342,"Average","No Garage","No Fireplace",94000
3134,"Average",1977,2,9819,"Good","Attached","Average",196000
2082,"Average",1920,2,8731,"Average","Detached","Good",144000
1904,"Average",1951,2,7350,"Average","Detached","No Fireplace",139000
2648,"Average",1976,2,10304,"Good","Attached","Average",197500
4294,"Above Average",2006,3,9965,"Good","Built In","Average",424870
2012,"Below Average",1959,0,9000,"Average","No Garage","No Fireplace",80000
1596,"Below Average",1941,1,12180,"Fair","Detached","No Fireplace",80000
2618,"Average",1928,1,6240,"Average","Detached","Good",149000
2596,"Average",1985,2,11200,"Good","Attached","Average",180000
2268,"Average",1941,1,12000,"Fair","Attached","Good",174500
1683,"Average",1926,1,5700,"Average","Detached","Good",116900
2132,"Average",1920,2,9000,"Average","Detached","No Fireplace",143000
1864,"Average",1950,1,8280,"Good","Attached","Good",124000
2932,"Below Average",1959,2,17755,"Fair","Attached","Good",149900
2884,"Average",1956,2,14115,"Excellent","Attached","Good",230000
1632,"Average",1930,1,5890,"Average","Detached","No Fireplace",120500
2684,"Average",1965,2,13700,"Good","Attached","Good",201800
2874,"Average",1976,2,10768,"Good","Attached","Fair",218000
2484,"Average",1965,2,9350,"Good","Attached","Good",179900
2628,"Average",2007,2,5001,"Good","Attached","Good",230000
3160,"Above Average",2007,3,11932,"Good","Attached","No Fireplace",235128
2777,"Average",1974,2,9120,"Good","Attached","Average",185000
2311,"Average",1978,2,2280,"Average","Attached","Average",146000
2936,"Average",1954,2,14778,"Good","Detached","Good",224000
1788,"Average",1968,2,8724,"Average","Attached","Poor",129000
2456,"Below Average",1969,2,12900,"Average","Car Port","No Fireplace",108959
2792,"Average",1978,2,16157,"Good","Attached","Average",194000
3004,"Average",2009,2,9541,"Good","Attached","No Fireplace",233170
3388,"Above Average",2008,3,10475,"Good","Attached","No Fireplace",245350
2630,"Average",2000,2,10852,"Average","Attached","Average",173000
3235,"Average",1935,2,13728,"Good","Basement Garage","Average",235000
5557,"Above Average",1995,3,35760,"Good","Attached","Average",625000
2214,"Average",1977,1,9880,"Average","Attached","Poor",171000
2522,"Average",1958,2,9120,"Average","Attached","Average",163000
1875,"Average",2006,2,4017,"Good","Detached","No Fireplace",171900
4684,"Average",1946,0,18030,"Excellent","No Garage","Good",200500
3297,"Average",1932,2,16560,"Average","Detached","Good",239000
4555,"Above Average",1992,2,10678,"Good","Attached","Average",285000
1799,"Average",1984,1,6951,"Average","Attached","No Fireplace",119500
2042,"Average",1926,1,3950,"Average","Detached","No Fireplace",115000
2074,"Average",1921,1,7681,"Average","Detached","Good",154900
1124,"Average",1954,0,8335,"Average","No Garage","Good",93000
3730,"Average",1990,2,11170,"Average","Attached","No Fireplace",250000
3252,"Above Average",2008,2,5587,"Good","Attached","Good",392500
6872,"Above Average",1996,3,15623,"Excellent","Attached","Average",745000
2250,"Average",1920,2,10800,"Average","Detached","Good",120000
3144,"Below Average",1963,3,35133,"Average","2+ Garages","Average",186700
2005,"Average",1924,1,9738,"Average","Attached","No Fireplace",104900
2677,"Average",1900,2,10615,"Average","Car Port","No Fireplace",95000
3248,"Above Average",1994,3,12461,"Good","Attached","Fair",262000
2491,"Average",2002,2,8935,"Good","Attached","No Fireplace",195000
2798,"Average",1999,2,7500,"Good","Attached","Average",189000
2871,"Below Average",1961,4,32463,"Average","2+ Garages","Average",168000
2217,"Above Average",1999,2,2645,"Good","Detached","No Fireplace",174000
2174,"Average",1925,1,9600,"Good","Detached","No Fireplace",125000
2448,"Average",1999,2,4500,"Average","Attached","No Fireplace",165000
2015,"Average",1969,1,9364,"Average","Attached","No Fireplace",158000
2184,"Average",2005,2,8029,"Good","Attached","No Fireplace",176000
2742,"Average",2006,3,14054,"Good","Built In","Good",219210
2505,"Average",1916,1,8850,"Average","Detached","Good",144000
2424,"Average",2001,2,9100,"Good","Attached","No Fireplace",178000
2433,"Average",1963,2,11235,"Average","Attached","Poor",148000
1728,"Average",1970,1,9353,"Average","Attached","No Fireplace",116050
2645,"Average",1998,2,10400,"Good","Attached","No Fireplace",197900
2232,"Average",1925,1,6000,"Average","Detached","Fair",117000
3260,"Average",2000,2,9750,"Good","Attached","Average",213000
2130,"Average",1975,2,10140,"Average","Attached","No Fireplace",153500
4354,"Average",1990,3,14684,"Good","Attached","Average",271900
2112,"Below Average",1966,1,8900,"Average","Detached","No Fireplace",107000
3382,"Average",2003,2,9135,"Good","Attached","No Fireplace",200000
2214,"Average",1962,2,7763,"Average","Detached","No Fireplace",140000
3320,"Above Average",2006,2,10182,"Good","Attached","Good",290000
2900,"Average",1992,2,11218,"Good","Attached","Average",189000
2311,"Above Average",1988,2,12134,"Average","Basement Garage","No Fireplace",164000
1344,"Average",1941,1,9340,"Average","Attached","No Fireplace",113000
1608,"Average",1965,1,10246,"Average","Attached","No Fireplace",145000
1924,"Average",1962,1,10205,"Average","Attached","No Fireplace",134500
1788,"Average",1966,1,7094,"Average","Detached","No Fireplace",125000
1902,"Average",1978,2,8930,"Average","Attached","No Fireplace",112000
2614,"Above Average",2009,2,8640,"Good","Attached","No Fireplace",229456
912,"Average",1947,0,6240,"Average","No Garage","No Fireplace",80500
1890,"Average",1971,0,1680,"Average","No Garage","No Fireplace",91500
1824,"Average",1964,1,7800,"Average","Attached","No Fireplace",115000
2163,"Average",1968,1,8250,"Average","Attached","Average",134000
2886,"Average",1949,1,10496,"Average","Attached","Good",143000
4272,"Below Average",1951,2,10680,"Average","Detached","No Fireplace",137900
2278,"Average",2004,2,15384,"Good","Attached","Good",184000
1726,"Average",1958,1,10482,"Average","Attached","No Fireplace",145000
2827,"Average",2007,3,14598,"Good","Built In","Good",214000
1824,"Average",1965,2,8872,"Good","Detached","No Fireplace",147000
3404,"Above Average",2008,3,8769,"Excellent","Attached","Good",367294
2582,"Average",1960,1,7910,"Average","Basement Garage","No Fireplace",127000
3981,"Average",1977,2,18890,"Average","Built In","Average",190000
2296,"Average",1962,2,7728,"Average","Attached","No Fireplace",132500
1224,"Average",1962,2,9842,"Average","Car Port","No Fireplace",101800
2376,"Average",1959,2,12160,"Average","Attached","No Fireplace",142000
2904,"Average",1911,0,8525,"Average","No Garage","No Fireplace",130000
2531,"Average",1914,1,13132,"Average","Detached","No Fireplace",138887
2390,"Average",2003,2,2628,"Good","Built In","No Fireplace",175500
2795,"Average",2004,2,12393,"Good","Built In","Good",195000
2282,"Average",2005,2,13072,"Average","Detached","No Fireplace",142500
2960,"Above Average",2006,2,9037,"Excellent","Attached","Good",265900
2652,"Average",2003,2,8158,"Good","Attached","No Fireplace",224900
3378,"Average",2007,3,9849,"Good","Attached","No Fireplace",248328
2226,"Average",1974,2,10625,"Good","Attached","Average",170000
4152,"Above Average",2006,3,13891,"Excellent","Attached","Good",465000
2309,"Above Average",1929,2,11435,"Good","Detached","Good",230000
2453,"Average",1984,2,12090,"Average","Built In","Average",178000
2309,"Average",2005,2,8125,"Good","Attached","No Fireplace",186500
2046,"Average",1976,3,12328,"Average","Attached","No Fireplace",169900
2793,"Average",1917,2,9600,"Average","Detached","Good",129500
1864,"Average",1950,1,7200,"Average","Attached","No Fireplace",119000
4220,"Average",1968,2,11160,"Excellent","Attached","Average",244000
2810,"Average",2003,2,3136,"Good","Attached","Good",171750
1738,"Average",1968,1,9858,"Average","Attached","No Fireplace",130000
3359,"Average",1974,2,17542,"Good","Attached","Good",294000
2402,"Average",2003,2,6931,"Good","Built In","Good",165400
2251,"Average",1931,1,6240,"Average","Detached","Good",127500
3973,"Above Average",1994,2,14303,"Good","Attached","Average",301500
1728,"Average",1922,0,4060,"Average","No Garage","No Fireplace",99900
2022,"Average",2005,2,9587,"Good","Attached","No Fireplace",190000
2108,"Average",1969,2,9750,"Average","Attached","No Fireplace",151000
2516,"Average",1999,2,24682,"Average","Built In","Average",181000
2100,"Average",1956,1,9600,"Average","Attached","No Fireplace",128900
2892,"Average",1957,1,11250,"Average","Attached","Average",161500
2588,"Average",1919,2,13515,"Average","Detached","Good",180500
2742,"Average",1998,2,4060,"Good","Attached","No Fireplace",181000
2143,"Average",1999,2,3735,"Good","Detached","No Fireplace",183900
2814,"Below Average",1910,1,10120,"Average","Detached","Good",122000
4020,"Above Average",2008,3,13214,"Excellent","Attached","Good",378500
4175,"Above Average",1935,3,14100,"Good","Built In","Good",381000
2398,"Average",1958,1,11344,"Average","Attached","No Fireplace",144000
2856,"Average",1979,2,23595,"Good","Attached","Average",260000
2978,"Average",1968,2,9156,"Good","Attached","Good",185750
1870,"Average",1965,1,13526,"Average","Attached","No Fireplace",137000
2376,"Average",1959,1,11512,"Excellent","Basement Garage","Good",177000
1911,"Average",1910,2,5362,"Average","Detached","Good",139000
2848,"Average",1948,2,11345,"Average","Detached","No Fireplace",137000
2118,"Average",1972,2,12936,"Average","Attached","Average",162000
3404,"Average",1967,2,17871,"Average","Attached","Good",197900
3159,"Above Average",2002,2,9473,"Good","Attached","Good",237000
1826,"Below Average",1920,2,7500,"Average","Detached","No Fireplace",68400
3146,"Average",2002,2,9808,"Good","Attached","No Fireplace",227000
2648,"Average",1990,2,8049,"Average","Attached","Average",180000
2080,"Average",1977,2,8800,"Good","Detached","No Fireplace",150500
2736,"Average",1971,0,9400,"Average","No Garage","No Fireplace",139000
3251,"Average",1919,1,9638,"Good","Detached","Good",169000
2192,"Average",1939,1,6000,"Average","Detached","Good",132500
2656,"Average",1963,2,9790,"Average","Attached","Good",143000
3206,"Average",1964,2,36500,"Average","Attached","No Fireplace",190000
3160,"Above Average",2000,2,5664,"Excellent","Attached","Excellent",278000
3055,"Above Average",2006,3,11065,"Excellent","Built In","Good",281000
2304,"Average",1964,2,14112,"Average","Attached","Good",180500
1932,"Average",1972,1,1680,"Average","Detached","No Fireplace",119500
3366,"Below Average",1892,1,6600,"Average","Attached","No Fireplace",107500
2496,"Average",1976,2,10140,"Average","Attached","Average",162900
1728,"Average",1955,2,8172,"Average","Detached","No Fireplace",115000
2104,"Average",1968,1,8400,"Average","Attached","No Fireplace",138500
2248,"Average",1963,2,8700,"Average","Attached","No Fireplace",155000
1619,"Average",2005,2,3675,"Average","Basement Garage","No Fireplace",140000
2492,"Average",1959,1,7500,"Good","Attached","No Fireplace",154000
2961,"Average",1999,2,10762,"Good","Attached","Average",225000
2265,"Average",1942,1,7500,"Good","Attached","Good",177500
3691,"Above Average",1994,3,10120,"Good","Attached","Average",290000
3232,"Average",2005,3,8688,"Good","Attached","No Fireplace",232000
2684,"Average",2004,2,3363,"Good","Detached","No Fireplace",130000
3304,"Above Average",2006,2,13173,"Excellent","Attached","Excellent",325000
2736,"Average",2005,2,6955,"Good","Attached","Good",202500
1980,"Average",1994,2,8072,"Average","Detached","No Fireplace",138000
2046,"Average",1948,2,12000,"Good","Attached","No Fireplace",147000
2572,"Average",1991,2,7153,"Good","Attached","No Fireplace",179200
3804,"Average",1959,2,17500,"Excellent","Attached","Average",335000
2548,"Average",2005,2,8814,"Good","Attached","No Fireplace",203000
4263,"Above Average",1990,2,9572,"Good","Attached","Excellent",302000
3992,"Above Average",1999,3,14774,"Good","Built In","Average",333168
1896,"Average",1954,1,8190,"Average","Detached","Average",119000
3064,"Average",1969,2,11075,"Average","Attached","Good",206900
3252,"Above Average",2008,3,10226,"Excellent","Attached","Good",295493
2704,"Average",2006,2,4230,"Good","Attached","Good",208900
3540,"Above Average",2001,3,14781,"Good","Attached","Average",275000
1812,"Average",1954,1,10215,"Average","Attached","No Fireplace",111000
2956,"Below Average",1957,2,8400,"Average","Attached","Good",156500
720,"Average",1949,1,6627,"Average","Detached","No Fireplace",72500
2673,"Average",1992,2,10186,"Good","Attached","Average",190000
1128,"Average",1940,0,5330,"Fair","No Garage","No Fireplace",82500
3590,"Above Average",2006,3,9986,"Good","Attached","Good",147000
1592,"Below Average",1922,0,3636,"Average","No Garage","No Fireplace",55000
1318,"Average",1931,0,4270,"Good","No Garage","No Fireplace",79000
1632,"Average",1982,1,6600,"Good","Attached","Excellent",130500
4302,"Average",1920,2,10440,"Average","Detached","Average",256000
2567,"Average",1998,2,9084,"Average","Attached","Average",176500
3176,"Above Average",2006,3,10000,"Good","Attached","Good",227000
1865,"Average",1976,2,10780,"Average","Detached","No Fireplace",132500
1632,"Average",1938,1,8877,"Average","Detached","Good",100000
2163,"Average",1938,1,7200,"Good","Detached","No Fireplace",125500
2130,"Average",1970,2,2368,"Average","Attached","No Fireplace",125000
2684,"Average",1977,2,9650,"Average","Attached","Average",167900
3312,"Average",1973,2,9246,"Average","Detached","No Fireplace",135000
1386,"Below Average",1941,0,4118,"Fair","No Garage","No Fireplace",52500
2777,"Average",2002,2,13450,"Good","Built In","No Fireplace",200000
1728,"Average",1972,1,9560,"Average","Attached","No Fireplace",128500
1730,"Average",1971,4,8294,"Average","Detached","No Fireplace",123000
2228,"Average",2003,2,13695,"Good","Detached","No Fireplace",155000
3453,"Above Average",2002,2,9375,"Good","Attached","Good",228500
2809,"Average",1928,2,7558,"Average","Detached","Average",177000
2184,"Average",2006,2,11103,"Good","Attached","Average",155835
1920,"Below Average",1920,1,6000,"Fair","Detached","No Fireplace",108500
3724,"Average",1968,2,20781,"Average","Attached","Good",262500
3508,"Above Average",2006,3,15306,"Good","Attached","Good",283463
2976,"Average",1998,2,16196,"Good","Attached","Fair",215000
3042,"Above Average",1872,0,5250,"Average","No Garage","No Fireplace",122000
3882,"Average",1969,4,11643,"Average","Detached","No Fireplace",200000
2574,"Average",1962,2,9247,"Average","Attached","Good",171000
1874,"Average",1937,2,6000,"Average","Detached","No Fireplace",134900
5271,"Above Average",1995,3,14720,"Good","Attached","Excellent",410000
2857,"Average",2000,3,10316,"Good","Attached","Average",235000
2490,"Average",1968,2,10192,"Good","Attached","Average",170000
1756,"Average",1966,1,9477,"Average","Attached","No Fireplace",110000
2156,"Average",1971,2,12537,"Average","Attached","Fair",149900
2329,"Average",2000,2,2117,"Good","Detached","No Fireplace",177500
3960,"Above Average",2004,3,16737,"Excellent","Attached","Good",315000
3213,"Average",1921,2,9842,"Average","Built In","No Fireplace",189000
3060,"Average",2005,2,16158,"Good","Attached","Good",260000
2453,"Below Average",1920,1,12513,"Average","Attached","Good",104900
2028,"Average",2006,2,8499,"Good","Built In","Good",156932
1800,"Average",2005,2,3180,"Good","Detached","No Fireplace",144152
2488,"Average",2000,2,7500,"Good","Attached","No Fireplace",216000
2663,"Average",1999,2,9179,"Good","Attached","No Fireplace",193000
2232,"Average",1977,1,2665,"Average","Attached","Average",127000
1696,"Average",2003,2,4435,"Good","Attached","No Fireplace",144000
3325,"Above Average",2003,2,10635,"Good","Attached","Average",232000
2214,"Average",1920,1,5400,"Average","Detached","No Fireplace",105000
2653,"Average",1955,1,9600,"Good","Built In","Average",165500
3205,"Average",1998,2,9750,"Good","Detached","Average",274300
5266,"Above Average",2001,3,11400,"Excellent","Attached","Good",466500
2984,"Average",2005,3,10625,"Good","Attached","Good",250000
3142,"Above Average",2007,3,10991,"Good","Attached","Good",239000
1558,"Average",1930,1,6292,"Average","Detached","No Fireplace",91000
2588,"Average",1941,2,10998,"Average","Detached","No Fireplace",117000
1470,"Average",1973,1,1953,"Average","Detached","No Fireplace",83000
1778,"Average",2006,2,9735,"Good","Built In","No Fireplace",167500
1728,"Below Average",1914,1,8212,"Average","Detached","No Fireplace",58500
3322,"Average",1970,2,12925,"Average","Attached","Good",237500
2358,"Average",1920,2,7200,"Good","Detached","No Fireplace",157000
2232,"Average",1918,2,25339,"Good","Attached","No Fireplace",112000
1818,"Average",1939,1,9060,"Average","Detached","No Fireplace",105000
1950,"Average",1922,1,5436,"Good","Detached","No Fireplace",125500
4176,"Average",1978,2,16692,"Good","Attached","Average",250000
3240,"Average",1916,1,8520,"Good","Detached","Good",136000
3492,"Above Average",2006,3,14892,"Excellent","Attached","Good",377500
1953,"Average",1941,2,6000,"Average","Detached","Good",131000
3050,"Average",2000,2,9100,"Good","Attached","No Fireplace",235000
3168,"Average",1967,3,8944,"Average","Detached","No Fireplace",124000
1764,"Average",1967,1,7838,"Average","Attached","Poor",123000
2394,"Average",1905,2,10800,"Average","Detached","Average",163000
2856,"Average",2006,3,4045,"Good","Attached","Good",246578
3576,"Above Average",2005,3,12665,"Good","Built In","Good",281213
2434,"Average",1948,2,57200,"Average","Detached","Average",160000
2452,"Average",1920,1,6120,"Average","Detached","No Fireplace",137500
3112,"Below Average",1950,1,7200,"Average","Attached","No Fireplace",138000
2584,"Average",1925,1,6171,"Good","Detached","Good",137450
2020,"Average",1929,1,6000,"Average","Built In","Good",120000
2432,"Average",2004,2,7415,"Average","Attached","Average",193000
2580,"Average",2006,2,6762,"Good","Attached","Good",193879
2949,"Above Average",2007,3,15256,"Good","Attached","No Fireplace",282922
1886,"Below Average",1915,3,10410,"Average","Detached","No Fireplace",105000
3240,"Above Average",2004,2,3842,"Good","Attached","Good",275000
1536,"Average",1972,2,8445,"Average","Detached","No Fireplace",133000
1666,"Average",1985,0,8780,"Average","No Garage","No Fireplace",112000
1985,"Average",1910,2,7740,"Average","Detached","No Fireplace",125500
2884,"Average",1986,2,20544,"Average","Attached","Average",215000
2784,"Average",2001,2,12420,"Good","Attached","No Fireplace",230000
2524,"Average",1950,1,9600,"Average","Attached","No Fireplace",140000
1040,"Average",1949,2,7200,"Average","Detached","No Fireplace",90000
3688,"Above Average",2005,2,10994,"Good","Attached","Good",257000
2681,"Average",1923,2,13053,"Good","Detached","Good",207000
2955,"Average",2007,3,3635,"Good","Attached","Average",175900
3067,"Average",1885,2,11340,"Average","Detached","No Fireplace",122500
3734,"Above Average",1998,3,16545,"Good","Attached","Average",340000
2288,"Average",1963,1,9204,"Average","Detached","No Fireplace",124000
3688,"Average",1969,2,16381,"Good","Attached","Average",223000
2124,"Average",1968,2,11700,"Average","Attached","Average",179900
2138,"Average",1977,2,4043,"Average","Attached","Fair",127500
1696,"Average",2003,2,4435,"Good","Attached","No Fireplace",136500
2898,"Average",1966,2,19690,"Good","Attached","Good",274970
2368,"Average",1958,1,9503,"Average","Detached","Average",144000
2504,"Average",1959,2,10721,"Good","Detached","No Fireplace",142000
3350,"Average",1994,2,10944,"Good","Attached","Average",271000
2471,"Average",1945,1,10930,"Average","Attached","Average",140000
1592,"Average",1940,1,7200,"Good","Attached","Good",119000
2880,"Average",1981,2,12546,"Good","Attached","Average",182900
2570,"Average",2005,2,21930,"Average","Built In","Good",192140
1916,"Average",1976,2,4928,"Average","Attached","No Fireplace",143750
1624,"Average",1927,1,10800,"Average","Detached","No Fireplace",64500
2728,"Average",2000,2,10261,"Average","Attached","Average",186500
2252,"Average",1977,2,17400,"Average","Attached","Good",160000
2856,"Average",1962,2,8400,"Good","Attached","Good",174000
1728,"Average",1971,2,9000,"Average","Detached","No Fireplace",120500
3864,"Above Average",2008,3,12444,"Excellent","Attached","Good",394617
2148,"Average",1957,2,7407,"Average","Attached","No Fireplace",149700
2264,"Average",1979,2,11584,"Average","Attached","Average",197000
3143,"Average",1922,2,11526,"Average","Detached","Good",191000
1696,"Average",2004,2,4426,"Good","Attached","Average",149300
3024,"Above Average",2008,3,11003,"Excellent","Attached","Excellent",310000
1904,"Average",1916,1,8854,"Fair","Detached","Good",121000
2844,"Average",2004,2,8500,"Good","Attached","No Fireplace",179600
1727,"Average",1966,1,8400,"Average","Detached","No Fireplace",129000
2376,"Average",1962,1,26142,"Average","Attached","No Fireplace",157900
3310,"Above Average",1995,2,10000,"Good","Attached","Average",240000
1906,"Average",1910,1,11767,"Average","Detached","No Fireplace",112000
1260,"Average",1970,0,1533,"Excellent","No Garage","No Fireplace",92000
2688,"Average",1974,0,9000,"Average","No Garage","No Fireplace",136000
3151,"Above Average",2008,3,9262,"Excellent","Attached","Good",287090
1619,"Average",2005,2,3675,"Average","Basement Garage","No Fireplace",145000
2280,"Average",2006,0,17217,"Average","No Garage","No Fireplace",84500
2442,"Average",2004,2,7500,"Good","Attached","No Fireplace",185000
2600,"Average",1999,2,7917,"Average","Attached","Average",175000
3615,"Average",1978,2,13175,"Average","Attached","Average",210000
3492,"Average",1941,1,9042,"Good","Attached","Good",266500
2156,"Average",1950,1,9717,"Good","Attached","No Fireplace",142125
2512,"Average",1965,1,9937,"Average","Attached","No Fireplace",147500
